economy,year,value,indicator description,indicator code
AGO,2005,2.4,"CPIA transparency, accountability, and corruption in the public sector rating",IQ.CPA.PUBS.XQ
BDI,2005,2.7,"CPIA transparency, accountability, and corruption in the public sector rating",IQ.CPA.PUBS.XQ
BEN,2005,3.4,"CPIA transparency, accountability, and corruption in the public sector rating",IQ.CPA.PUBS.XQ
BFA,2005,3.6,"CPIA transparency, accountability, and corruption in the public sector rating",IQ.CPA.PUBS.XQ
CAF,2005,2.2,"CPIA transparency, accountability, and corruption in the public sector rating",IQ.CPA.PUBS.XQ
CIV,2005,2.5,"CPIA transparency, accountability, and corruption in the public sector rating",IQ.CPA.PUBS.XQ
CMR,2005,3.1,"CPIA transparency, accountability, and corruption in the public sector rating",IQ.CPA.PUBS.XQ
COD,2005,2.3,"CPIA transparency, accountability, and corruption in the public sector rating",IQ.CPA.PUBS.XQ
COG,2005,2.6,"CPIA transparency, accountability, and corruption in the public sector rating",IQ.CPA.PUBS.XQ
COM,2005,2.3,"CPIA transparency, accountability, and corruption in the public sector rating",IQ.CPA.PUBS.XQ
CPV,2005,3.9,"CPIA transparency, accountability, and corruption in the public sector rating",IQ.CPA.PUBS.XQ
DJI,2005,2.8,"CPIA transparency, accountability, and corruption in the public sector rating",IQ.CPA.PUBS.XQ
ERI,2005,2.8,"CPIA transparency, accountability, and corruption in the public sector rating",IQ.CPA.PUBS.XQ
ETH,2005,3.1,"CPIA transparency, accountability, and corruption in the public sector rating",IQ.CPA.PUBS.XQ
GHA,2005,3.7,"CPIA transparency, accountability, and corruption in the public sector rating",IQ.CPA.PUBS.XQ
GIN,2005,2.7,"CPIA transparency, accountability, and corruption in the public sector rating",IQ.CPA.PUBS.XQ
GMB,2005,2.9,"CPIA transparency, accountability, and corruption in the public sector rating",IQ.CPA.PUBS.XQ
GNB,2005,2.6,"CPIA transparency, accountability, and corruption in the public sector rating",IQ.CPA.PUBS.XQ
KEN,2005,3.3,"CPIA transparency, accountability, and corruption in the public sector rating",IQ.CPA.PUBS.XQ
LBR,2005,,"CPIA transparency, accountability, and corruption in the public sector rating",IQ.CPA.PUBS.XQ
LSO,2005,3.4,"CPIA transparency, accountability, and corruption in the public sector rating",IQ.CPA.PUBS.XQ
MDG,2005,3.4,"CPIA transparency, accountability, and corruption in the public sector rating",IQ.CPA.PUBS.XQ
MLI,2005,3.6,"CPIA transparency, accountability, and corruption in the public sector rating",IQ.CPA.PUBS.XQ
MOZ,2005,3.2,"CPIA transparency, accountability, and corruption in the public sector rating",IQ.CPA.PUBS.XQ
MRT,2005,2.9,"CPIA transparency, accountability, and corruption in the public sector rating",IQ.CPA.PUBS.XQ
MWI,2005,3.4,"CPIA transparency, accountability, and corruption in the public sector rating",IQ.CPA.PUBS.XQ
NER,2005,3.2,"CPIA transparency, accountability, and corruption in the public sector rating",IQ.CPA.PUBS.XQ
NGA,2005,2.8,"CPIA transparency, accountability, and corruption in the public sector rating",IQ.CPA.PUBS.XQ
RWA,2005,3.3,"CPIA transparency, accountability, and corruption in the public sector rating",IQ.CPA.PUBS.XQ
SDN,2005,2.4,"CPIA transparency, accountability, and corruption in the public sector rating",IQ.CPA.PUBS.XQ
SEN,2005,3.6,"CPIA transparency, accountability, and corruption in the public sector rating",IQ.CPA.PUBS.XQ
SLE,2005,2.9,"CPIA transparency, accountability, and corruption in the public sector rating",IQ.CPA.PUBS.XQ
SOM,2005,,"CPIA transparency, accountability, and corruption in the public sector rating",IQ.CPA.PUBS.XQ
SSD,2005,,"CPIA transparency, accountability, and corruption in the public sector rating",IQ.CPA.PUBS.XQ
STP,2005,3.1,"CPIA transparency, accountability, and corruption in the public sector rating",IQ.CPA.PUBS.XQ
TCD,2005,2.4,"CPIA transparency, accountability, and corruption in the public sector rating",IQ.CPA.PUBS.XQ
TGO,2005,2.2,"CPIA transparency, accountability, and corruption in the public sector rating",IQ.CPA.PUBS.XQ
TZA,2005,3.8,"CPIA transparency, accountability, and corruption in the public sector rating",IQ.CPA.PUBS.XQ
UGA,2005,3.3,"CPIA transparency, accountability, and corruption in the public sector rating",IQ.CPA.PUBS.XQ
ZMB,2005,3.2,"CPIA transparency, accountability, and corruption in the public sector rating",IQ.CPA.PUBS.XQ
ZWE,2005,2.1,"CPIA transparency, accountability, and corruption in the public sector rating",IQ.CPA.PUBS.XQ
AGO,2006,2.4,"CPIA transparency, accountability, and corruption in the public sector rating",IQ.CPA.PUBS.XQ
BDI,2006,2.7,"CPIA transparency, accountability, and corruption in the public sector rating",IQ.CPA.PUBS.XQ
BEN,2006,3.3,"CPIA transparency, accountability, and corruption in the public sector rating",IQ.CPA.PUBS.XQ
BFA,2006,3.5,"CPIA transparency, accountability, and corruption in the public sector rating",IQ.CPA.PUBS.XQ
CAF,2006,2.2,"CPIA transparency, accountability, and corruption in the public sector rating",IQ.CPA.PUBS.XQ
CIV,2006,2.5,"CPIA transparency, accountability, and corruption in the public sector rating",IQ.CPA.PUBS.XQ
CMR,2006,3.0,"CPIA transparency, accountability, and corruption in the public sector rating",IQ.CPA.PUBS.XQ
COD,2006,2.3,"CPIA transparency, accountability, and corruption in the public sector rating",IQ.CPA.PUBS.XQ
COG,2006,2.7,"CPIA transparency, accountability, and corruption in the public sector rating",IQ.CPA.PUBS.XQ
COM,2006,2.2,"CPIA transparency, accountability, and corruption in the public sector rating",IQ.CPA.PUBS.XQ
CPV,2006,3.9,"CPIA transparency, accountability, and corruption in the public sector rating",IQ.CPA.PUBS.XQ
DJI,2006,2.8,"CPIA transparency, accountability, and corruption in the public sector rating",IQ.CPA.PUBS.XQ
ERI,2006,2.8,"CPIA transparency, accountability, and corruption in the public sector rating",IQ.CPA.PUBS.XQ
ETH,2006,3.3,"CPIA transparency, accountability, and corruption in the public sector rating",IQ.CPA.PUBS.XQ
GHA,2006,3.9,"CPIA transparency, accountability, and corruption in the public sector rating",IQ.CPA.PUBS.XQ
GIN,2006,2.6,"CPIA transparency, accountability, and corruption in the public sector rating",IQ.CPA.PUBS.XQ
GMB,2006,2.9,"CPIA transparency, accountability, and corruption in the public sector rating",IQ.CPA.PUBS.XQ
GNB,2006,2.6,"CPIA transparency, accountability, and corruption in the public sector rating",IQ.CPA.PUBS.XQ
KEN,2006,3.4,"CPIA transparency, accountability, and corruption in the public sector rating",IQ.CPA.PUBS.XQ
LBR,2006,,"CPIA transparency, accountability, and corruption in the public sector rating",IQ.CPA.PUBS.XQ
LSO,2006,3.4,"CPIA transparency, accountability, and corruption in the public sector rating",IQ.CPA.PUBS.XQ
MDG,2006,3.4,"CPIA transparency, accountability, and corruption in the public sector rating",IQ.CPA.PUBS.XQ
MLI,2006,3.5,"CPIA transparency, accountability, and corruption in the public sector rating",IQ.CPA.PUBS.XQ
MOZ,2006,3.1,"CPIA transparency, accountability, and corruption in the public sector rating",IQ.CPA.PUBS.XQ
MRT,2006,2.9,"CPIA transparency, accountability, and corruption in the public sector rating",IQ.CPA.PUBS.XQ
MWI,2006,3.4,"CPIA transparency, accountability, and corruption in the public sector rating",IQ.CPA.PUBS.XQ
NER,2006,3.2,"CPIA transparency, accountability, and corruption in the public sector rating",IQ.CPA.PUBS.XQ
NGA,2006,2.8,"CPIA transparency, accountability, and corruption in the public sector rating",IQ.CPA.PUBS.XQ
RWA,2006,3.4,"CPIA transparency, accountability, and corruption in the public sector rating",IQ.CPA.PUBS.XQ
SDN,2006,2.3,"CPIA transparency, accountability, and corruption in the public sector rating",IQ.CPA.PUBS.XQ
SEN,2006,3.6,"CPIA transparency, accountability, and corruption in the public sector rating",IQ.CPA.PUBS.XQ
SLE,2006,2.9,"CPIA transparency, accountability, and corruption in the public sector rating",IQ.CPA.PUBS.XQ
SOM,2006,,"CPIA transparency, accountability, and corruption in the public sector rating",IQ.CPA.PUBS.XQ
SSD,2006,,"CPIA transparency, accountability, and corruption in the public sector rating",IQ.CPA.PUBS.XQ
STP,2006,3.0,"CPIA transparency, accountability, and corruption in the public sector rating",IQ.CPA.PUBS.XQ
TCD,2006,2.4,"CPIA transparency, accountability, and corruption in the public sector rating",IQ.CPA.PUBS.XQ
TGO,2006,2.2,"CPIA transparency, accountability, and corruption in the public sector rating",IQ.CPA.PUBS.XQ
TZA,2006,3.8,"CPIA transparency, accountability, and corruption in the public sector rating",IQ.CPA.PUBS.XQ
UGA,2006,3.3,"CPIA transparency, accountability, and corruption in the public sector rating",IQ.CPA.PUBS.XQ
ZMB,2006,3.2,"CPIA transparency, accountability, and corruption in the public sector rating",IQ.CPA.PUBS.XQ
ZWE,2006,1.9,"CPIA transparency, accountability, and corruption in the public sector rating",IQ.CPA.PUBS.XQ
AGO,2007,2.4,"CPIA transparency, accountability, and corruption in the public sector rating",IQ.CPA.PUBS.XQ
BDI,2007,2.6,"CPIA transparency, accountability, and corruption in the public sector rating",IQ.CPA.PUBS.XQ
BEN,2007,3.3,"CPIA transparency, accountability, and corruption in the public sector rating",IQ.CPA.PUBS.XQ
BFA,2007,3.5,"CPIA transparency, accountability, and corruption in the public sector rating",IQ.CPA.PUBS.XQ
CAF,2007,2.3,"CPIA transparency, accountability, and corruption in the public sector rating",IQ.CPA.PUBS.XQ
CIV,2007,2.4,"CPIA transparency, accountability, and corruption in the public sector rating",IQ.CPA.PUBS.XQ
CMR,2007,3.0,"CPIA transparency, accountability, and corruption in the public sector rating",IQ.CPA.PUBS.XQ
COD,2007,2.3,"CPIA transparency, accountability, and corruption in the public sector rating",IQ.CPA.PUBS.XQ
COG,2007,2.6,"CPIA transparency, accountability, and corruption in the public sector rating",IQ.CPA.PUBS.XQ
COM,2007,2.2,"CPIA transparency, accountability, and corruption in the public sector rating",IQ.CPA.PUBS.XQ
CPV,2007,4.0,"CPIA transparency, accountability, and corruption in the public sector rating",IQ.CPA.PUBS.XQ
DJI,2007,2.8,"CPIA transparency, accountability, and corruption in the public sector rating",IQ.CPA.PUBS.XQ
ERI,2007,2.7,"CPIA transparency, accountability, and corruption in the public sector rating",IQ.CPA.PUBS.XQ
ETH,2007,3.3,"CPIA transparency, accountability, and corruption in the public sector rating",IQ.CPA.PUBS.XQ
GHA,2007,3.9,"CPIA transparency, accountability, and corruption in the public sector rating",IQ.CPA.PUBS.XQ
GIN,2007,2.7,"CPIA transparency, accountability, and corruption in the public sector rating",IQ.CPA.PUBS.XQ
GMB,2007,3.0,"CPIA transparency, accountability, and corruption in the public sector rating",IQ.CPA.PUBS.XQ
GNB,2007,2.6,"CPIA transparency, accountability, and corruption in the public sector rating",IQ.CPA.PUBS.XQ
KEN,2007,3.3,"CPIA transparency, accountability, and corruption in the public sector rating",IQ.CPA.PUBS.XQ
LBR,2007,,"CPIA transparency, accountability, and corruption in the public sector rating",IQ.CPA.PUBS.XQ
LSO,2007,3.4,"CPIA transparency, accountability, and corruption in the public sector rating",IQ.CPA.PUBS.XQ
MDG,2007,3.5,"CPIA transparency, accountability, and corruption in the public sector rating",IQ.CPA.PUBS.XQ
MLI,2007,3.5,"CPIA transparency, accountability, and corruption in the public sector rating",IQ.CPA.PUBS.XQ
MOZ,2007,3.3,"CPIA transparency, accountability, and corruption in the public sector rating",IQ.CPA.PUBS.XQ
MRT,2007,3.0,"CPIA transparency, accountability, and corruption in the public sector rating",IQ.CPA.PUBS.XQ
MWI,2007,3.4,"CPIA transparency, accountability, and corruption in the public sector rating",IQ.CPA.PUBS.XQ
NER,2007,3.2,"CPIA transparency, accountability, and corruption in the public sector rating",IQ.CPA.PUBS.XQ
NGA,2007,2.9,"CPIA transparency, accountability, and corruption in the public sector rating",IQ.CPA.PUBS.XQ
RWA,2007,3.5,"CPIA transparency, accountability, and corruption in the public sector rating",IQ.CPA.PUBS.XQ
SDN,2007,2.3,"CPIA transparency, accountability, and corruption in the public sector rating",IQ.CPA.PUBS.XQ
SEN,2007,3.5,"CPIA transparency, accountability, and corruption in the public sector rating",IQ.CPA.PUBS.XQ
SLE,2007,2.8,"CPIA transparency, accountability, and corruption in the public sector rating",IQ.CPA.PUBS.XQ
SOM,2007,,"CPIA transparency, accountability, and corruption in the public sector rating",IQ.CPA.PUBS.XQ
SSD,2007,,"CPIA transparency, accountability, and corruption in the public sector rating",IQ.CPA.PUBS.XQ
STP,2007,3.1,"CPIA transparency, accountability, and corruption in the public sector rating",IQ.CPA.PUBS.XQ
TCD,2007,2.2,"CPIA transparency, accountability, and corruption in the public sector rating",IQ.CPA.PUBS.XQ
TGO,2007,2.2,"CPIA transparency, accountability, and corruption in the public sector rating",IQ.CPA.PUBS.XQ
TZA,2007,3.7,"CPIA transparency, accountability, and corruption in the public sector rating",IQ.CPA.PUBS.XQ
UGA,2007,3.3,"CPIA transparency, accountability, and corruption in the public sector rating",IQ.CPA.PUBS.XQ
ZMB,2007,3.2,"CPIA transparency, accountability, and corruption in the public sector rating",IQ.CPA.PUBS.XQ
ZWE,2007,1.8,"CPIA transparency, accountability, and corruption in the public sector rating",IQ.CPA.PUBS.XQ
AGO,2008,2.4,"CPIA transparency, accountability, and corruption in the public sector rating",IQ.CPA.PUBS.XQ
BDI,2008,2.6,"CPIA transparency, accountability, and corruption in the public sector rating",IQ.CPA.PUBS.XQ
BEN,2008,3.3,"CPIA transparency, accountability, and corruption in the public sector rating",IQ.CPA.PUBS.XQ
BFA,2008,3.5,"CPIA transparency, accountability, and corruption in the public sector rating",IQ.CPA.PUBS.XQ
CAF,2008,2.3,"CPIA transparency, accountability, and corruption in the public sector rating",IQ.CPA.PUBS.XQ
CIV,2008,2.5,"CPIA transparency, accountability, and corruption in the public sector rating",IQ.CPA.PUBS.XQ
CMR,2008,2.9,"CPIA transparency, accountability, and corruption in the public sector rating",IQ.CPA.PUBS.XQ
COD,2008,2.2,"CPIA transparency, accountability, and corruption in the public sector rating",IQ.CPA.PUBS.XQ
COG,2008,2.6,"CPIA transparency, accountability, and corruption in the public sector rating",IQ.CPA.PUBS.XQ
COM,2008,2.2,"CPIA transparency, accountability, and corruption in the public sector rating",IQ.CPA.PUBS.XQ
CPV,2008,4.0,"CPIA transparency, accountability, and corruption in the public sector rating",IQ.CPA.PUBS.XQ
DJI,2008,2.8,"CPIA transparency, accountability, and corruption in the public sector rating",IQ.CPA.PUBS.XQ
ERI,2008,2.7,"CPIA transparency, accountability, and corruption in the public sector rating",IQ.CPA.PUBS.XQ
ETH,2008,3.3,"CPIA transparency, accountability, and corruption in the public sector rating",IQ.CPA.PUBS.XQ
GHA,2008,3.9,"CPIA transparency, accountability, and corruption in the public sector rating",IQ.CPA.PUBS.XQ
GIN,2008,2.6,"CPIA transparency, accountability, and corruption in the public sector rating",IQ.CPA.PUBS.XQ
GMB,2008,2.9,"CPIA transparency, accountability, and corruption in the public sector rating",IQ.CPA.PUBS.XQ
GNB,2008,2.6,"CPIA transparency, accountability, and corruption in the public sector rating",IQ.CPA.PUBS.XQ
KEN,2008,3.3,"CPIA transparency, accountability, and corruption in the public sector rating",IQ.CPA.PUBS.XQ
LBR,2008,,"CPIA transparency, accountability, and corruption in the public sector rating",IQ.CPA.PUBS.XQ
LSO,2008,3.4,"CPIA transparency, accountability, and corruption in the public sector rating",IQ.CPA.PUBS.XQ
MDG,2008,3.6,"CPIA transparency, accountability, and corruption in the public sector rating",IQ.CPA.PUBS.XQ
MLI,2008,3.4,"CPIA transparency, accountability, and corruption in the public sector rating",IQ.CPA.PUBS.XQ
MOZ,2008,3.3,"CPIA transparency, accountability, and corruption in the public sector rating",IQ.CPA.PUBS.XQ
MRT,2008,3.0,"CPIA transparency, accountability, and corruption in the public sector rating",IQ.CPA.PUBS.XQ
MWI,2008,3.4,"CPIA transparency, accountability, and corruption in the public sector rating",IQ.CPA.PUBS.XQ
NER,2008,3.2,"CPIA transparency, accountability, and corruption in the public sector rating",IQ.CPA.PUBS.XQ
NGA,2008,2.9,"CPIA transparency, accountability, and corruption in the public sector rating",IQ.CPA.PUBS.XQ
RWA,2008,3.5,"CPIA transparency, accountability, and corruption in the public sector rating",IQ.CPA.PUBS.XQ
SDN,2008,2.3,"CPIA transparency, accountability, and corruption in the public sector rating",IQ.CPA.PUBS.XQ
SEN,2008,3.4,"CPIA transparency, accountability, and corruption in the public sector rating",IQ.CPA.PUBS.XQ
SLE,2008,2.7,"CPIA transparency, accountability, and corruption in the public sector rating",IQ.CPA.PUBS.XQ
SOM,2008,,"CPIA transparency, accountability, and corruption in the public sector rating",IQ.CPA.PUBS.XQ
SSD,2008,,"CPIA transparency, accountability, and corruption in the public sector rating",IQ.CPA.PUBS.XQ
STP,2008,3.1,"CPIA transparency, accountability, and corruption in the public sector rating",IQ.CPA.PUBS.XQ
TCD,2008,2.2,"CPIA transparency, accountability, and corruption in the public sector rating",IQ.CPA.PUBS.XQ
TGO,2008,2.2,"CPIA transparency, accountability, and corruption in the public sector rating",IQ.CPA.PUBS.XQ
TZA,2008,3.5,"CPIA transparency, accountability, and corruption in the public sector rating",IQ.CPA.PUBS.XQ
UGA,2008,3.4,"CPIA transparency, accountability, and corruption in the public sector rating",IQ.CPA.PUBS.XQ
ZMB,2008,3.2,"CPIA transparency, accountability, and corruption in the public sector rating",IQ.CPA.PUBS.XQ
ZWE,2008,1.6,"CPIA transparency, accountability, and corruption in the public sector rating",IQ.CPA.PUBS.XQ
AGO,2009,2.4,"CPIA transparency, accountability, and corruption in the public sector rating",IQ.CPA.PUBS.XQ
BDI,2009,2.6,"CPIA transparency, accountability, and corruption in the public sector rating",IQ.CPA.PUBS.XQ
BEN,2009,3.3,"CPIA transparency, accountability, and corruption in the public sector rating",IQ.CPA.PUBS.XQ
BFA,2009,3.7,"CPIA transparency, accountability, and corruption in the public sector rating",IQ.CPA.PUBS.XQ
CAF,2009,2.4,"CPIA transparency, accountability, and corruption in the public sector rating",IQ.CPA.PUBS.XQ
CIV,2009,2.6,"CPIA transparency, accountability, and corruption in the public sector rating",IQ.CPA.PUBS.XQ
CMR,2009,2.9,"CPIA transparency, accountability, and corruption in the public sector rating",IQ.CPA.PUBS.XQ
COD,2009,2.2,"CPIA transparency, accountability, and corruption in the public sector rating",IQ.CPA.PUBS.XQ
COG,2009,2.6,"CPIA transparency, accountability, and corruption in the public sector rating",IQ.CPA.PUBS.XQ
COM,2009,2.4,"CPIA transparency, accountability, and corruption in the public sector rating",IQ.CPA.PUBS.XQ
CPV,2009,4.0,"CPIA transparency, accountability, and corruption in the public sector rating",IQ.CPA.PUBS.XQ
DJI,2009,2.8,"CPIA transparency, accountability, and corruption in the public sector rating",IQ.CPA.PUBS.XQ
ERI,2009,2.7,"CPIA transparency, accountability, and corruption in the public sector rating",IQ.CPA.PUBS.XQ
ETH,2009,3.2,"CPIA transparency, accountability, and corruption in the public sector rating",IQ.CPA.PUBS.XQ
GHA,2009,3.8,"CPIA transparency, accountability, and corruption in the public sector rating",IQ.CPA.PUBS.XQ
GIN,2009,2.6,"CPIA transparency, accountability, and corruption in the public sector rating",IQ.CPA.PUBS.XQ
GMB,2009,2.9,"CPIA transparency, accountability, and corruption in the public sector rating",IQ.CPA.PUBS.XQ
GNB,2009,2.6,"CPIA transparency, accountability, and corruption in the public sector rating",IQ.CPA.PUBS.XQ
KEN,2009,3.3,"CPIA transparency, accountability, and corruption in the public sector rating",IQ.CPA.PUBS.XQ
LBR,2009,2.8,"CPIA transparency, accountability, and corruption in the public sector rating",IQ.CPA.PUBS.XQ
LSO,2009,3.4,"CPIA transparency, accountability, and corruption in the public sector rating",IQ.CPA.PUBS.XQ
MDG,2009,3.3,"CPIA transparency, accountability, and corruption in the public sector rating",IQ.CPA.PUBS.XQ
MLI,2009,3.4,"CPIA transparency, accountability, and corruption in the public sector rating",IQ.CPA.PUBS.XQ
MOZ,2009,3.4,"CPIA transparency, accountability, and corruption in the public sector rating",IQ.CPA.PUBS.XQ
MRT,2009,3.0,"CPIA transparency, accountability, and corruption in the public sector rating",IQ.CPA.PUBS.XQ
MWI,2009,3.4,"CPIA transparency, accountability, and corruption in the public sector rating",IQ.CPA.PUBS.XQ
NER,2009,3.1,"CPIA transparency, accountability, and corruption in the public sector rating",IQ.CPA.PUBS.XQ
NGA,2009,2.9,"CPIA transparency, accountability, and corruption in the public sector rating",IQ.CPA.PUBS.XQ
RWA,2009,3.5,"CPIA transparency, accountability, and corruption in the public sector rating",IQ.CPA.PUBS.XQ
SDN,2009,2.2,"CPIA transparency, accountability, and corruption in the public sector rating",IQ.CPA.PUBS.XQ
SEN,2009,3.4,"CPIA transparency, accountability, and corruption in the public sector rating",IQ.CPA.PUBS.XQ
SLE,2009,2.9,"CPIA transparency, accountability, and corruption in the public sector rating",IQ.CPA.PUBS.XQ
SOM,2009,,"CPIA transparency, accountability, and corruption in the public sector rating",IQ.CPA.PUBS.XQ
SSD,2009,,"CPIA transparency, accountability, and corruption in the public sector rating",IQ.CPA.PUBS.XQ
STP,2009,3.1,"CPIA transparency, accountability, and corruption in the public sector rating",IQ.CPA.PUBS.XQ
TCD,2009,2.2,"CPIA transparency, accountability, and corruption in the public sector rating",IQ.CPA.PUBS.XQ
TGO,2009,2.4,"CPIA transparency, accountability, and corruption in the public sector rating",IQ.CPA.PUBS.XQ
TZA,2009,3.5,"CPIA transparency, accountability, and corruption in the public sector rating",IQ.CPA.PUBS.XQ
UGA,2009,3.3,"CPIA transparency, accountability, and corruption in the public sector rating",IQ.CPA.PUBS.XQ
ZMB,2009,3.2,"CPIA transparency, accountability, and corruption in the public sector rating",IQ.CPA.PUBS.XQ
ZWE,2009,2.0,"CPIA transparency, accountability, and corruption in the public sector rating",IQ.CPA.PUBS.XQ
AGO,2010,2.4,"CPIA transparency, accountability, and corruption in the public sector rating",IQ.CPA.PUBS.XQ
BDI,2010,2.6,"CPIA transparency, accountability, and corruption in the public sector rating",IQ.CPA.PUBS.XQ
BEN,2010,3.3,"CPIA transparency, accountability, and corruption in the public sector rating",IQ.CPA.PUBS.XQ
BFA,2010,3.7,"CPIA transparency, accountability, and corruption in the public sector rating",IQ.CPA.PUBS.XQ
CAF,2010,2.5,"CPIA transparency, accountability, and corruption in the public sector rating",IQ.CPA.PUBS.XQ
CIV,2010,2.4,"CPIA transparency, accountability, and corruption in the public sector rating",IQ.CPA.PUBS.XQ
CMR,2010,2.9,"CPIA transparency, accountability, and corruption in the public sector rating",IQ.CPA.PUBS.XQ
COD,2010,2.2,"CPIA transparency, accountability, and corruption in the public sector rating",IQ.CPA.PUBS.XQ
COG,2010,2.6,"CPIA transparency, accountability, and corruption in the public sector rating",IQ.CPA.PUBS.XQ
COM,2010,2.4,"CPIA transparency, accountability, and corruption in the public sector rating",IQ.CPA.PUBS.XQ
CPV,2010,4.0,"CPIA transparency, accountability, and corruption in the public sector rating",IQ.CPA.PUBS.XQ
DJI,2010,2.8,"CPIA transparency, accountability, and corruption in the public sector rating",IQ.CPA.PUBS.XQ
ERI,2010,2.7,"CPIA transparency, accountability, and corruption in the public sector rating",IQ.CPA.PUBS.XQ
ETH,2010,3.2,"CPIA transparency, accountability, and corruption in the public sector rating",IQ.CPA.PUBS.XQ
GHA,2010,3.7,"CPIA transparency, accountability, and corruption in the public sector rating",IQ.CPA.PUBS.XQ
GIN,2010,2.6,"CPIA transparency, accountability, and corruption in the public sector rating",IQ.CPA.PUBS.XQ
GMB,2010,3.0,"CPIA transparency, accountability, and corruption in the public sector rating",IQ.CPA.PUBS.XQ
GNB,2010,2.6,"CPIA transparency, accountability, and corruption in the public sector rating",IQ.CPA.PUBS.XQ
KEN,2010,3.3,"CPIA transparency, accountability, and corruption in the public sector rating",IQ.CPA.PUBS.XQ
LBR,2010,2.8,"CPIA transparency, accountability, and corruption in the public sector rating",IQ.CPA.PUBS.XQ
LSO,2010,3.5,"CPIA transparency, accountability, and corruption in the public sector rating",IQ.CPA.PUBS.XQ
MDG,2010,3.0,"CPIA transparency, accountability, and corruption in the public sector rating",IQ.CPA.PUBS.XQ
MLI,2010,3.4,"CPIA transparency, accountability, and corruption in the public sector rating",IQ.CPA.PUBS.XQ
MOZ,2010,3.4,"CPIA transparency, accountability, and corruption in the public sector rating",IQ.CPA.PUBS.XQ
MRT,2010,3.0,"CPIA transparency, accountability, and corruption in the public sector rating",IQ.CPA.PUBS.XQ
MWI,2010,3.4,"CPIA transparency, accountability, and corruption in the public sector rating",IQ.CPA.PUBS.XQ
NER,2010,3.2,"CPIA transparency, accountability, and corruption in the public sector rating",IQ.CPA.PUBS.XQ
NGA,2010,2.9,"CPIA transparency, accountability, and corruption in the public sector rating",IQ.CPA.PUBS.XQ
RWA,2010,3.7,"CPIA transparency, accountability, and corruption in the public sector rating",IQ.CPA.PUBS.XQ
SDN,2010,2.2,"CPIA transparency, accountability, and corruption in the public sector rating",IQ.CPA.PUBS.XQ
SEN,2010,3.5,"CPIA transparency, accountability, and corruption in the public sector rating",IQ.CPA.PUBS.XQ
SLE,2010,3.0,"CPIA transparency, accountability, and corruption in the public sector rating",IQ.CPA.PUBS.XQ
SOM,2010,,"CPIA transparency, accountability, and corruption in the public sector rating",IQ.CPA.PUBS.XQ
SSD,2010,,"CPIA transparency, accountability, and corruption in the public sector rating",IQ.CPA.PUBS.XQ
STP,2010,3.1,"CPIA transparency, accountability, and corruption in the public sector rating",IQ.CPA.PUBS.XQ
TCD,2010,2.2,"CPIA transparency, accountability, and corruption in the public sector rating",IQ.CPA.PUBS.XQ
TGO,2010,2.6,"CPIA transparency, accountability, and corruption in the public sector rating",IQ.CPA.PUBS.XQ
TZA,2010,3.3,"CPIA transparency, accountability, and corruption in the public sector rating",IQ.CPA.PUBS.XQ
UGA,2010,3.2,"CPIA transparency, accountability, and corruption in the public sector rating",IQ.CPA.PUBS.XQ
ZMB,2010,3.1,"CPIA transparency, accountability, and corruption in the public sector rating",IQ.CPA.PUBS.XQ
ZWE,2010,2.1,"CPIA transparency, accountability, and corruption in the public sector rating",IQ.CPA.PUBS.XQ
AGO,2011,2.3,"CPIA transparency, accountability, and corruption in the public sector rating",IQ.CPA.PUBS.XQ
BDI,2011,2.7,"CPIA transparency, accountability, and corruption in the public sector rating",IQ.CPA.PUBS.XQ
BEN,2011,3.3,"CPIA transparency, accountability, and corruption in the public sector rating",IQ.CPA.PUBS.XQ
BFA,2011,3.7,"CPIA transparency, accountability, and corruption in the public sector rating",IQ.CPA.PUBS.XQ
CAF,2011,2.6,"CPIA transparency, accountability, and corruption in the public sector rating",IQ.CPA.PUBS.XQ
CIV,2011,2.7,"CPIA transparency, accountability, and corruption in the public sector rating",IQ.CPA.PUBS.XQ
CMR,2011,2.9,"CPIA transparency, accountability, and corruption in the public sector rating",IQ.CPA.PUBS.XQ
COD,2011,2.2,"CPIA transparency, accountability, and corruption in the public sector rating",IQ.CPA.PUBS.XQ
COG,2011,2.6,"CPIA transparency, accountability, and corruption in the public sector rating",IQ.CPA.PUBS.XQ
COM,2011,2.4,"CPIA transparency, accountability, and corruption in the public sector rating",IQ.CPA.PUBS.XQ
CPV,2011,4.0,"CPIA transparency, accountability, and corruption in the public sector rating",IQ.CPA.PUBS.XQ
DJI,2011,2.8,"CPIA transparency, accountability, and corruption in the public sector rating",IQ.CPA.PUBS.XQ
ERI,2011,2.6,"CPIA transparency, accountability, and corruption in the public sector rating",IQ.CPA.PUBS.XQ
ETH,2011,3.3,"CPIA transparency, accountability, and corruption in the public sector rating",IQ.CPA.PUBS.XQ
GHA,2011,3.7,"CPIA transparency, accountability, and corruption in the public sector rating",IQ.CPA.PUBS.XQ
GIN,2011,2.6,"CPIA transparency, accountability, and corruption in the public sector rating",IQ.CPA.PUBS.XQ
GMB,2011,3.2,"CPIA transparency, accountability, and corruption in the public sector rating",IQ.CPA.PUBS.XQ
GNB,2011,2.6,"CPIA transparency, accountability, and corruption in the public sector rating",IQ.CPA.PUBS.XQ
KEN,2011,3.3,"CPIA transparency, accountability, and corruption in the public sector rating",IQ.CPA.PUBS.XQ
LBR,2011,2.8,"CPIA transparency, accountability, and corruption in the public sector rating",IQ.CPA.PUBS.XQ
LSO,2011,3.5,"CPIA transparency, accountability, and corruption in the public sector rating",IQ.CPA.PUBS.XQ
MDG,2011,2.8,"CPIA transparency, accountability, and corruption in the public sector rating",IQ.CPA.PUBS.XQ
MLI,2011,3.3,"CPIA transparency, accountability, and corruption in the public sector rating",IQ.CPA.PUBS.XQ
MOZ,2011,3.4,"CPIA transparency, accountability, and corruption in the public sector rating",IQ.CPA.PUBS.XQ
MRT,2011,3.0,"CPIA transparency, accountability, and corruption in the public sector rating",IQ.CPA.PUBS.XQ
MWI,2011,3.3,"CPIA transparency, accountability, and corruption in the public sector rating",IQ.CPA.PUBS.XQ
NER,2011,3.2,"CPIA transparency, accountability, and corruption in the public sector rating",IQ.CPA.PUBS.XQ
NGA,2011,2.9,"CPIA transparency, accountability, and corruption in the public sector rating",IQ.CPA.PUBS.XQ
RWA,2011,3.6,"CPIA transparency, accountability, and corruption in the public sector rating",IQ.CPA.PUBS.XQ
SDN,2011,2.2,"CPIA transparency, accountability, and corruption in the public sector rating",IQ.CPA.PUBS.XQ
SEN,2011,3.6,"CPIA transparency, accountability, and corruption in the public sector rating",IQ.CPA.PUBS.XQ
SLE,2011,3.1,"CPIA transparency, accountability, and corruption in the public sector rating",IQ.CPA.PUBS.XQ
SOM,2011,,"CPIA transparency, accountability, and corruption in the public sector rating",IQ.CPA.PUBS.XQ
SSD,2011,,"CPIA transparency, accountability, and corruption in the public sector rating",IQ.CPA.PUBS.XQ
STP,2011,3.1,"CPIA transparency, accountability, and corruption in the public sector rating",IQ.CPA.PUBS.XQ
TCD,2011,2.2,"CPIA transparency, accountability, and corruption in the public sector rating",IQ.CPA.PUBS.XQ
TGO,2011,2.8,"CPIA transparency, accountability, and corruption in the public sector rating",IQ.CPA.PUBS.XQ
TZA,2011,3.3,"CPIA transparency, accountability, and corruption in the public sector rating",IQ.CPA.PUBS.XQ
UGA,2011,3.2,"CPIA transparency, accountability, and corruption in the public sector rating",IQ.CPA.PUBS.XQ
ZMB,2011,3.1,"CPIA transparency, accountability, and corruption in the public sector rating",IQ.CPA.PUBS.XQ
ZWE,2011,2.2,"CPIA transparency, accountability, and corruption in the public sector rating",IQ.CPA.PUBS.XQ
AGO,2012,2.3,"CPIA transparency, accountability, and corruption in the public sector rating",IQ.CPA.PUBS.XQ
BDI,2012,2.7,"CPIA transparency, accountability, and corruption in the public sector rating",IQ.CPA.PUBS.XQ
BEN,2012,3.3,"CPIA transparency, accountability, and corruption in the public sector rating",IQ.CPA.PUBS.XQ
BFA,2012,3.7,"CPIA transparency, accountability, and corruption in the public sector rating",IQ.CPA.PUBS.XQ
CAF,2012,2.4,"CPIA transparency, accountability, and corruption in the public sector rating",IQ.CPA.PUBS.XQ
CIV,2012,2.8,"CPIA transparency, accountability, and corruption in the public sector rating",IQ.CPA.PUBS.XQ
CMR,2012,2.9,"CPIA transparency, accountability, and corruption in the public sector rating",IQ.CPA.PUBS.XQ
COD,2012,2.2,"CPIA transparency, accountability, and corruption in the public sector rating",IQ.CPA.PUBS.XQ
COG,2012,2.5,"CPIA transparency, accountability, and corruption in the public sector rating",IQ.CPA.PUBS.XQ
COM,2012,2.5,"CPIA transparency, accountability, and corruption in the public sector rating",IQ.CPA.PUBS.XQ
CPV,2012,4.0,"CPIA transparency, accountability, and corruption in the public sector rating",IQ.CPA.PUBS.XQ
DJI,2012,2.6,"CPIA transparency, accountability, and corruption in the public sector rating",IQ.CPA.PUBS.XQ
ERI,2012,2.6,"CPIA transparency, accountability, and corruption in the public sector rating",IQ.CPA.PUBS.XQ
ETH,2012,3.4,"CPIA transparency, accountability, and corruption in the public sector rating",IQ.CPA.PUBS.XQ
GHA,2012,3.7,"CPIA transparency, accountability, and corruption in the public sector rating",IQ.CPA.PUBS.XQ
GIN,2012,2.6,"CPIA transparency, accountability, and corruption in the public sector rating",IQ.CPA.PUBS.XQ
GMB,2012,3.0,"CPIA transparency, accountability, and corruption in the public sector rating",IQ.CPA.PUBS.XQ
GNB,2012,2.3,"CPIA transparency, accountability, and corruption in the public sector rating",IQ.CPA.PUBS.XQ
KEN,2012,3.4,"CPIA transparency, accountability, and corruption in the public sector rating",IQ.CPA.PUBS.XQ
LBR,2012,2.8,"CPIA transparency, accountability, and corruption in the public sector rating",IQ.CPA.PUBS.XQ
LSO,2012,3.5,"CPIA transparency, accountability, and corruption in the public sector rating",IQ.CPA.PUBS.XQ
MDG,2012,2.6,"CPIA transparency, accountability, and corruption in the public sector rating",IQ.CPA.PUBS.XQ
MLI,2012,3.0,"CPIA transparency, accountability, and corruption in the public sector rating",IQ.CPA.PUBS.XQ
MOZ,2012,3.4,"CPIA transparency, accountability, and corruption in the public sector rating",IQ.CPA.PUBS.XQ
MRT,2012,3.1,"CPIA transparency, accountability, and corruption in the public sector rating",IQ.CPA.PUBS.XQ
MWI,2012,3.3,"CPIA transparency, accountability, and corruption in the public sector rating",IQ.CPA.PUBS.XQ
NER,2012,3.2,"CPIA transparency, accountability, and corruption in the public sector rating",IQ.CPA.PUBS.XQ
NGA,2012,2.9,"CPIA transparency, accountability, and corruption in the public sector rating",IQ.CPA.PUBS.XQ
RWA,2012,3.6,"CPIA transparency, accountability, and corruption in the public sector rating",IQ.CPA.PUBS.XQ
SDN,2012,2.2,"CPIA transparency, accountability, and corruption in the public sector rating",IQ.CPA.PUBS.XQ
SEN,2012,3.6,"CPIA transparency, accountability, and corruption in the public sector rating",IQ.CPA.PUBS.XQ
SLE,2012,3.1,"CPIA transparency, accountability, and corruption in the public sector rating",IQ.CPA.PUBS.XQ
SOM,2012,,"CPIA transparency, accountability, and corruption in the public sector rating",IQ.CPA.PUBS.XQ
SSD,2012,2.0,"CPIA transparency, accountability, and corruption in the public sector rating",IQ.CPA.PUBS.XQ
STP,2012,3.1,"CPIA transparency, accountability, and corruption in the public sector rating",IQ.CPA.PUBS.XQ
TCD,2012,2.2,"CPIA transparency, accountability, and corruption in the public sector rating",IQ.CPA.PUBS.XQ
TGO,2012,2.7,"CPIA transparency, accountability, and corruption in the public sector rating",IQ.CPA.PUBS.XQ
TZA,2012,3.3,"CPIA transparency, accountability, and corruption in the public sector rating",IQ.CPA.PUBS.XQ
UGA,2012,3.0,"CPIA transparency, accountability, and corruption in the public sector rating",IQ.CPA.PUBS.XQ
ZMB,2012,3.2,"CPIA transparency, accountability, and corruption in the public sector rating",IQ.CPA.PUBS.XQ
ZWE,2012,2.2,"CPIA transparency, accountability, and corruption in the public sector rating",IQ.CPA.PUBS.XQ
AGO,2013,2.3,"CPIA transparency, accountability, and corruption in the public sector rating",IQ.CPA.PUBS.XQ
BDI,2013,2.7,"CPIA transparency, accountability, and corruption in the public sector rating",IQ.CPA.PUBS.XQ
BEN,2013,3.3,"CPIA transparency, accountability, and corruption in the public sector rating",IQ.CPA.PUBS.XQ
BFA,2013,3.7,"CPIA transparency, accountability, and corruption in the public sector rating",IQ.CPA.PUBS.XQ
CAF,2013,2.2,"CPIA transparency, accountability, and corruption in the public sector rating",IQ.CPA.PUBS.XQ
CIV,2013,3.0,"CPIA transparency, accountability, and corruption in the public sector rating",IQ.CPA.PUBS.XQ
CMR,2013,2.9,"CPIA transparency, accountability, and corruption in the public sector rating",IQ.CPA.PUBS.XQ
COD,2013,2.4,"CPIA transparency, accountability, and corruption in the public sector rating",IQ.CPA.PUBS.XQ
COG,2013,2.5,"CPIA transparency, accountability, and corruption in the public sector rating",IQ.CPA.PUBS.XQ
COM,2013,2.4,"CPIA transparency, accountability, and corruption in the public sector rating",IQ.CPA.PUBS.XQ
CPV,2013,4.1,"CPIA transparency, accountability, and corruption in the public sector rating",IQ.CPA.PUBS.XQ
DJI,2013,2.7,"CPIA transparency, accountability, and corruption in the public sector rating",IQ.CPA.PUBS.XQ
ERI,2013,2.6,"CPIA transparency, accountability, and corruption in the public sector rating",IQ.CPA.PUBS.XQ
ETH,2013,3.4,"CPIA transparency, accountability, and corruption in the public sector rating",IQ.CPA.PUBS.XQ
GHA,2013,3.7,"CPIA transparency, accountability, and corruption in the public sector rating",IQ.CPA.PUBS.XQ
GIN,2013,2.7,"CPIA transparency, accountability, and corruption in the public sector rating",IQ.CPA.PUBS.XQ
GMB,2013,3.0,"CPIA transparency, accountability, and corruption in the public sector rating",IQ.CPA.PUBS.XQ
GNB,2013,2.2,"CPIA transparency, accountability, and corruption in the public sector rating",IQ.CPA.PUBS.XQ
KEN,2013,3.4,"CPIA transparency, accountability, and corruption in the public sector rating",IQ.CPA.PUBS.XQ
LBR,2013,2.9,"CPIA transparency, accountability, and corruption in the public sector rating",IQ.CPA.PUBS.XQ
LSO,2013,3.3,"CPIA transparency, accountability, and corruption in the public sector rating",IQ.CPA.PUBS.XQ
MDG,2013,2.5,"CPIA transparency, accountability, and corruption in the public sector rating",IQ.CPA.PUBS.XQ
MLI,2013,3.0,"CPIA transparency, accountability, and corruption in the public sector rating",IQ.CPA.PUBS.XQ
MOZ,2013,3.3,"CPIA transparency, accountability, and corruption in the public sector rating",IQ.CPA.PUBS.XQ
MRT,2013,3.1,"CPIA transparency, accountability, and corruption in the public sector rating",IQ.CPA.PUBS.XQ
MWI,2013,3.1,"CPIA transparency, accountability, and corruption in the public sector rating",IQ.CPA.PUBS.XQ
NER,2013,3.2,"CPIA transparency, accountability, and corruption in the public sector rating",IQ.CPA.PUBS.XQ
NGA,2013,2.8,"CPIA transparency, accountability, and corruption in the public sector rating",IQ.CPA.PUBS.XQ
RWA,2013,3.6,"CPIA transparency, accountability, and corruption in the public sector rating",IQ.CPA.PUBS.XQ
SDN,2013,2.2,"CPIA transparency, accountability, and corruption in the public sector rating",IQ.CPA.PUBS.XQ
SEN,2013,3.6,"CPIA transparency, accountability, and corruption in the public sector rating",IQ.CPA.PUBS.XQ
SLE,2013,3.1,"CPIA transparency, accountability, and corruption in the public sector rating",IQ.CPA.PUBS.XQ
SOM,2013,,"CPIA transparency, accountability, and corruption in the public sector rating",IQ.CPA.PUBS.XQ
SSD,2013,2.0,"CPIA transparency, accountability, and corruption in the public sector rating",IQ.CPA.PUBS.XQ
STP,2013,3.1,"CPIA transparency, accountability, and corruption in the public sector rating",IQ.CPA.PUBS.XQ
TCD,2013,2.4,"CPIA transparency, accountability, and corruption in the public sector rating",IQ.CPA.PUBS.XQ
TGO,2013,2.6,"CPIA transparency, accountability, and corruption in the public sector rating",IQ.CPA.PUBS.XQ
TZA,2013,3.4,"CPIA transparency, accountability, and corruption in the public sector rating",IQ.CPA.PUBS.XQ
UGA,2013,3.0,"CPIA transparency, accountability, and corruption in the public sector rating",IQ.CPA.PUBS.XQ
ZMB,2013,3.2,"CPIA transparency, accountability, and corruption in the public sector rating",IQ.CPA.PUBS.XQ
ZWE,2013,2.2,"CPIA transparency, accountability, and corruption in the public sector rating",IQ.CPA.PUBS.XQ
AGO,2014,,"CPIA transparency, accountability, and corruption in the public sector rating",IQ.CPA.PUBS.XQ
BDI,2014,2.8,"CPIA transparency, accountability, and corruption in the public sector rating",IQ.CPA.PUBS.XQ
BEN,2014,3.3,"CPIA transparency, accountability, and corruption in the public sector rating",IQ.CPA.PUBS.XQ
BFA,2014,3.5,"CPIA transparency, accountability, and corruption in the public sector rating",IQ.CPA.PUBS.XQ
CAF,2014,2.2,"CPIA transparency, accountability, and corruption in the public sector rating",IQ.CPA.PUBS.XQ
CIV,2014,3.1,"CPIA transparency, accountability, and corruption in the public sector rating",IQ.CPA.PUBS.XQ
CMR,2014,2.9,"CPIA transparency, accountability, and corruption in the public sector rating",IQ.CPA.PUBS.XQ
COD,2014,2.5,"CPIA transparency, accountability, and corruption in the public sector rating",IQ.CPA.PUBS.XQ
COG,2014,2.5,"CPIA transparency, accountability, and corruption in the public sector rating",IQ.CPA.PUBS.XQ
COM,2014,2.4,"CPIA transparency, accountability, and corruption in the public sector rating",IQ.CPA.PUBS.XQ
CPV,2014,4.0,"CPIA transparency, accountability, and corruption in the public sector rating",IQ.CPA.PUBS.XQ
DJI,2014,2.7,"CPIA transparency, accountability, and corruption in the public sector rating",IQ.CPA.PUBS.XQ
ERI,2014,2.6,"CPIA transparency, accountability, and corruption in the public sector rating",IQ.CPA.PUBS.XQ
ETH,2014,3.5,"CPIA transparency, accountability, and corruption in the public sector rating",IQ.CPA.PUBS.XQ
GHA,2014,3.4,"CPIA transparency, accountability, and corruption in the public sector rating",IQ.CPA.PUBS.XQ
GIN,2014,2.7,"CPIA transparency, accountability, and corruption in the public sector rating",IQ.CPA.PUBS.XQ
GMB,2014,3.0,"CPIA transparency, accountability, and corruption in the public sector rating",IQ.CPA.PUBS.XQ
GNB,2014,2.2,"CPIA transparency, accountability, and corruption in the public sector rating",IQ.CPA.PUBS.XQ
KEN,2014,3.4,"CPIA transparency, accountability, and corruption in the public sector rating",IQ.CPA.PUBS.XQ
LBR,2014,2.9,"CPIA transparency, accountability, and corruption in the public sector rating",IQ.CPA.PUBS.XQ
LSO,2014,3.3,"CPIA transparency, accountability, and corruption in the public sector rating",IQ.CPA.PUBS.XQ
MDG,2014,2.6,"CPIA transparency, accountability, and corruption in the public sector rating",IQ.CPA.PUBS.XQ
MLI,2014,3.0,"CPIA transparency, accountability, and corruption in the public sector rating",IQ.CPA.PUBS.XQ
MOZ,2014,3.3,"CPIA transparency, accountability, and corruption in the public sector rating",IQ.CPA.PUBS.XQ
MRT,2014,3.2,"CPIA transparency, accountability, and corruption in the public sector rating",IQ.CPA.PUBS.XQ
MWI,2014,3.1,"CPIA transparency, accountability, and corruption in the public sector rating",IQ.CPA.PUBS.XQ
NER,2014,3.2,"CPIA transparency, accountability, and corruption in the public sector rating",IQ.CPA.PUBS.XQ
NGA,2014,2.8,"CPIA transparency, accountability, and corruption in the public sector rating",IQ.CPA.PUBS.XQ
RWA,2014,3.6,"CPIA transparency, accountability, and corruption in the public sector rating",IQ.CPA.PUBS.XQ
SDN,2014,2.2,"CPIA transparency, accountability, and corruption in the public sector rating",IQ.CPA.PUBS.XQ
SEN,2014,3.6,"CPIA transparency, accountability, and corruption in the public sector rating",IQ.CPA.PUBS.XQ
SLE,2014,3.1,"CPIA transparency, accountability, and corruption in the public sector rating",IQ.CPA.PUBS.XQ
SOM,2014,,"CPIA transparency, accountability, and corruption in the public sector rating",IQ.CPA.PUBS.XQ
SSD,2014,1.9,"CPIA transparency, accountability, and corruption in the public sector rating",IQ.CPA.PUBS.XQ
STP,2014,3.1,"CPIA transparency, accountability, and corruption in the public sector rating",IQ.CPA.PUBS.XQ
TCD,2014,2.6,"CPIA transparency, accountability, and corruption in the public sector rating",IQ.CPA.PUBS.XQ
TGO,2014,2.6,"CPIA transparency, accountability, and corruption in the public sector rating",IQ.CPA.PUBS.XQ
TZA,2014,3.4,"CPIA transparency, accountability, and corruption in the public sector rating",IQ.CPA.PUBS.XQ
UGA,2014,3.1,"CPIA transparency, accountability, and corruption in the public sector rating",IQ.CPA.PUBS.XQ
ZMB,2014,3.2,"CPIA transparency, accountability, and corruption in the public sector rating",IQ.CPA.PUBS.XQ
ZWE,2014,2.7,"CPIA transparency, accountability, and corruption in the public sector rating",IQ.CPA.PUBS.XQ
AGO,2015,,"CPIA transparency, accountability, and corruption in the public sector rating",IQ.CPA.PUBS.XQ
BDI,2015,2.5,"CPIA transparency, accountability, and corruption in the public sector rating",IQ.CPA.PUBS.XQ
BEN,2015,3.3,"CPIA transparency, accountability, and corruption in the public sector rating",IQ.CPA.PUBS.XQ
BFA,2015,3.5,"CPIA transparency, accountability, and corruption in the public sector rating",IQ.CPA.PUBS.XQ
CAF,2015,2.2,"CPIA transparency, accountability, and corruption in the public sector rating",IQ.CPA.PUBS.XQ
CIV,2015,3.1,"CPIA transparency, accountability, and corruption in the public sector rating",IQ.CPA.PUBS.XQ
CMR,2015,2.9,"CPIA transparency, accountability, and corruption in the public sector rating",IQ.CPA.PUBS.XQ
COD,2015,2.5,"CPIA transparency, accountability, and corruption in the public sector rating",IQ.CPA.PUBS.XQ
COG,2015,2.5,"CPIA transparency, accountability, and corruption in the public sector rating",IQ.CPA.PUBS.XQ
COM,2015,2.6,"CPIA transparency, accountability, and corruption in the public sector rating",IQ.CPA.PUBS.XQ
CPV,2015,4.0,"CPIA transparency, accountability, and corruption in the public sector rating",IQ.CPA.PUBS.XQ
DJI,2015,2.7,"CPIA transparency, accountability, and corruption in the public sector rating",IQ.CPA.PUBS.XQ
ERI,2015,2.5,"CPIA transparency, accountability, and corruption in the public sector rating",IQ.CPA.PUBS.XQ
ETH,2015,3.5,"CPIA transparency, accountability, and corruption in the public sector rating",IQ.CPA.PUBS.XQ
GHA,2015,3.7,"CPIA transparency, accountability, and corruption in the public sector rating",IQ.CPA.PUBS.XQ
GIN,2015,2.8,"CPIA transparency, accountability, and corruption in the public sector rating",IQ.CPA.PUBS.XQ
GMB,2015,2.9,"CPIA transparency, accountability, and corruption in the public sector rating",IQ.CPA.PUBS.XQ
GNB,2015,2.2,"CPIA transparency, accountability, and corruption in the public sector rating",IQ.CPA.PUBS.XQ
KEN,2015,3.4,"CPIA transparency, accountability, and corruption in the public sector rating",IQ.CPA.PUBS.XQ
LBR,2015,2.9,"CPIA transparency, accountability, and corruption in the public sector rating",IQ.CPA.PUBS.XQ
LSO,2015,3.3,"CPIA transparency, accountability, and corruption in the public sector rating",IQ.CPA.PUBS.XQ
MDG,2015,2.7,"CPIA transparency, accountability, and corruption in the public sector rating",IQ.CPA.PUBS.XQ
MLI,2015,3.0,"CPIA transparency, accountability, and corruption in the public sector rating",IQ.CPA.PUBS.XQ
MOZ,2015,3.2,"CPIA transparency, accountability, and corruption in the public sector rating",IQ.CPA.PUBS.XQ
MRT,2015,3.2,"CPIA transparency, accountability, and corruption in the public sector rating",IQ.CPA.PUBS.XQ
MWI,2015,3.1,"CPIA transparency, accountability, and corruption in the public sector rating",IQ.CPA.PUBS.XQ
NER,2015,3.2,"CPIA transparency, accountability, and corruption in the public sector rating",IQ.CPA.PUBS.XQ
NGA,2015,2.8,"CPIA transparency, accountability, and corruption in the public sector rating",IQ.CPA.PUBS.XQ
RWA,2015,3.7,"CPIA transparency, accountability, and corruption in the public sector rating",IQ.CPA.PUBS.XQ
SDN,2015,2.2,"CPIA transparency, accountability, and corruption in the public sector rating",IQ.CPA.PUBS.XQ
SEN,2015,3.6,"CPIA transparency, accountability, and corruption in the public sector rating",IQ.CPA.PUBS.XQ
SLE,2015,3.1,"CPIA transparency, accountability, and corruption in the public sector rating",IQ.CPA.PUBS.XQ
SOM,2015,,"CPIA transparency, accountability, and corruption in the public sector rating",IQ.CPA.PUBS.XQ
SSD,2015,1.7,"CPIA transparency, accountability, and corruption in the public sector rating",IQ.CPA.PUBS.XQ
STP,2015,3.1,"CPIA transparency, accountability, and corruption in the public sector rating",IQ.CPA.PUBS.XQ
TCD,2015,2.7,"CPIA transparency, accountability, and corruption in the public sector rating",IQ.CPA.PUBS.XQ
TGO,2015,2.6,"CPIA transparency, accountability, and corruption in the public sector rating",IQ.CPA.PUBS.XQ
TZA,2015,3.3,"CPIA transparency, accountability, and corruption in the public sector rating",IQ.CPA.PUBS.XQ
UGA,2015,3.1,"CPIA transparency, accountability, and corruption in the public sector rating",IQ.CPA.PUBS.XQ
ZMB,2015,3.2,"CPIA transparency, accountability, and corruption in the public sector rating",IQ.CPA.PUBS.XQ
ZWE,2015,2.8,"CPIA transparency, accountability, and corruption in the public sector rating",IQ.CPA.PUBS.XQ
AGO,2016,,"CPIA transparency, accountability, and corruption in the public sector rating",IQ.CPA.PUBS.XQ
BDI,2016,2.4,"CPIA transparency, accountability, and corruption in the public sector rating",IQ.CPA.PUBS.XQ
BEN,2016,3.3,"CPIA transparency, accountability, and corruption in the public sector rating",IQ.CPA.PUBS.XQ
BFA,2016,3.5,"CPIA transparency, accountability, and corruption in the public sector rating",IQ.CPA.PUBS.XQ
CAF,2016,2.2,"CPIA transparency, accountability, and corruption in the public sector rating",IQ.CPA.PUBS.XQ
CIV,2016,3.2,"CPIA transparency, accountability, and corruption in the public sector rating",IQ.CPA.PUBS.XQ
CMR,2016,3.0,"CPIA transparency, accountability, and corruption in the public sector rating",IQ.CPA.PUBS.XQ
COD,2016,2.5,"CPIA transparency, accountability, and corruption in the public sector rating",IQ.CPA.PUBS.XQ
COG,2016,2.5,"CPIA transparency, accountability, and corruption in the public sector rating",IQ.CPA.PUBS.XQ
COM,2016,2.7,"CPIA transparency, accountability, and corruption in the public sector rating",IQ.CPA.PUBS.XQ
CPV,2016,3.8,"CPIA transparency, accountability, and corruption in the public sector rating",IQ.CPA.PUBS.XQ
DJI,2016,2.7,"CPIA transparency, accountability, and corruption in the public sector rating",IQ.CPA.PUBS.XQ
ERI,2016,2.5,"CPIA transparency, accountability, and corruption in the public sector rating",IQ.CPA.PUBS.XQ
ETH,2016,3.5,"CPIA transparency, accountability, and corruption in the public sector rating",IQ.CPA.PUBS.XQ
GHA,2016,3.6,"CPIA transparency, accountability, and corruption in the public sector rating",IQ.CPA.PUBS.XQ
GIN,2016,2.9,"CPIA transparency, accountability, and corruption in the public sector rating",IQ.CPA.PUBS.XQ
GMB,2016,2.9,"CPIA transparency, accountability, and corruption in the public sector rating",IQ.CPA.PUBS.XQ
GNB,2016,2.2,"CPIA transparency, accountability, and corruption in the public sector rating",IQ.CPA.PUBS.XQ
KEN,2016,3.4,"CPIA transparency, accountability, and corruption in the public sector rating",IQ.CPA.PUBS.XQ
LBR,2016,2.9,"CPIA transparency, accountability, and corruption in the public sector rating",IQ.CPA.PUBS.XQ
LSO,2016,3.3,"CPIA transparency, accountability, and corruption in the public sector rating",IQ.CPA.PUBS.XQ
MDG,2016,2.8,"CPIA transparency, accountability, and corruption in the public sector rating",IQ.CPA.PUBS.XQ
MLI,2016,3.0,"CPIA transparency, accountability, and corruption in the public sector rating",IQ.CPA.PUBS.XQ
MOZ,2016,3.2,"CPIA transparency, accountability, and corruption in the public sector rating",IQ.CPA.PUBS.XQ
MRT,2016,3.3,"CPIA transparency, accountability, and corruption in the public sector rating",IQ.CPA.PUBS.XQ
MWI,2016,3.2,"CPIA transparency, accountability, and corruption in the public sector rating",IQ.CPA.PUBS.XQ
NER,2016,3.1,"CPIA transparency, accountability, and corruption in the public sector rating",IQ.CPA.PUBS.XQ
NGA,2016,2.8,"CPIA transparency, accountability, and corruption in the public sector rating",IQ.CPA.PUBS.XQ
RWA,2016,3.7,"CPIA transparency, accountability, and corruption in the public sector rating",IQ.CPA.PUBS.XQ
SDN,2016,2.2,"CPIA transparency, accountability, and corruption in the public sector rating",IQ.CPA.PUBS.XQ
SEN,2016,3.6,"CPIA transparency, accountability, and corruption in the public sector rating",IQ.CPA.PUBS.XQ
SLE,2016,3.1,"CPIA transparency, accountability, and corruption in the public sector rating",IQ.CPA.PUBS.XQ
SOM,2016,,"CPIA transparency, accountability, and corruption in the public sector rating",IQ.CPA.PUBS.XQ
SSD,2016,1.5,"CPIA transparency, accountability, and corruption in the public sector rating",IQ.CPA.PUBS.XQ
STP,2016,3.2,"CPIA transparency, accountability, and corruption in the public sector rating",IQ.CPA.PUBS.XQ
TCD,2016,2.7,"CPIA transparency, accountability, and corruption in the public sector rating",IQ.CPA.PUBS.XQ
TGO,2016,2.7,"CPIA transparency, accountability, and corruption in the public sector rating",IQ.CPA.PUBS.XQ
TZA,2016,3.4,"CPIA transparency, accountability, and corruption in the public sector rating",IQ.CPA.PUBS.XQ
UGA,2016,3.0,"CPIA transparency, accountability, and corruption in the public sector rating",IQ.CPA.PUBS.XQ
ZMB,2016,3.2,"CPIA transparency, accountability, and corruption in the public sector rating",IQ.CPA.PUBS.XQ
ZWE,2016,2.8,"CPIA transparency, accountability, and corruption in the public sector rating",IQ.CPA.PUBS.XQ
AGO,2017,,"CPIA transparency, accountability, and corruption in the public sector rating",IQ.CPA.PUBS.XQ
BDI,2017,2.3,"CPIA transparency, accountability, and corruption in the public sector rating",IQ.CPA.PUBS.XQ
BEN,2017,3.3,"CPIA transparency, accountability, and corruption in the public sector rating",IQ.CPA.PUBS.XQ
BFA,2017,3.4,"CPIA transparency, accountability, and corruption in the public sector rating",IQ.CPA.PUBS.XQ
CAF,2017,2.3,"CPIA transparency, accountability, and corruption in the public sector rating",IQ.CPA.PUBS.XQ
CIV,2017,3.2,"CPIA transparency, accountability, and corruption in the public sector rating",IQ.CPA.PUBS.XQ
CMR,2017,3.0,"CPIA transparency, accountability, and corruption in the public sector rating",IQ.CPA.PUBS.XQ
COD,2017,2.5,"CPIA transparency, accountability, and corruption in the public sector rating",IQ.CPA.PUBS.XQ
COG,2017,2.5,"CPIA transparency, accountability, and corruption in the public sector rating",IQ.CPA.PUBS.XQ
COM,2017,2.6,"CPIA transparency, accountability, and corruption in the public sector rating",IQ.CPA.PUBS.XQ
CPV,2017,3.9,"CPIA transparency, accountability, and corruption in the public sector rating",IQ.CPA.PUBS.XQ
DJI,2017,2.7,"CPIA transparency, accountability, and corruption in the public sector rating",IQ.CPA.PUBS.XQ
ERI,2017,2.5,"CPIA transparency, accountability, and corruption in the public sector rating",IQ.CPA.PUBS.XQ
ETH,2017,3.5,"CPIA transparency, accountability, and corruption in the public sector rating",IQ.CPA.PUBS.XQ
GHA,2017,3.6,"CPIA transparency, accountability, and corruption in the public sector rating",IQ.CPA.PUBS.XQ
GIN,2017,2.9,"CPIA transparency, accountability, and corruption in the public sector rating",IQ.CPA.PUBS.XQ
GMB,2017,2.9,"CPIA transparency, accountability, and corruption in the public sector rating",IQ.CPA.PUBS.XQ
GNB,2017,2.0,"CPIA transparency, accountability, and corruption in the public sector rating",IQ.CPA.PUBS.XQ
KEN,2017,3.4,"CPIA transparency, accountability, and corruption in the public sector rating",IQ.CPA.PUBS.XQ
LBR,2017,2.9,"CPIA transparency, accountability, and corruption in the public sector rating",IQ.CPA.PUBS.XQ
LSO,2017,3.3,"CPIA transparency, accountability, and corruption in the public sector rating",IQ.CPA.PUBS.XQ
MDG,2017,2.8,"CPIA transparency, accountability, and corruption in the public sector rating",IQ.CPA.PUBS.XQ
MLI,2017,3.0,"CPIA transparency, accountability, and corruption in the public sector rating",IQ.CPA.PUBS.XQ
MOZ,2017,3.1,"CPIA transparency, accountability, and corruption in the public sector rating",IQ.CPA.PUBS.XQ
MRT,2017,3.3,"CPIA transparency, accountability, and corruption in the public sector rating",IQ.CPA.PUBS.XQ
MWI,2017,3.2,"CPIA transparency, accountability, and corruption in the public sector rating",IQ.CPA.PUBS.XQ
NER,2017,3.1,"CPIA transparency, accountability, and corruption in the public sector rating",IQ.CPA.PUBS.XQ
NGA,2017,2.8,"CPIA transparency, accountability, and corruption in the public sector rating",IQ.CPA.PUBS.XQ
RWA,2017,3.7,"CPIA transparency, accountability, and corruption in the public sector rating",IQ.CPA.PUBS.XQ
SDN,2017,2.2,"CPIA transparency, accountability, and corruption in the public sector rating",IQ.CPA.PUBS.XQ
SEN,2017,3.6,"CPIA transparency, accountability, and corruption in the public sector rating",IQ.CPA.PUBS.XQ
SLE,2017,3.1,"CPIA transparency, accountability, and corruption in the public sector rating",IQ.CPA.PUBS.XQ
SOM,2017,1.8,"CPIA transparency, accountability, and corruption in the public sector rating",IQ.CPA.PUBS.XQ
SSD,2017,1.4,"CPIA transparency, accountability, and corruption in the public sector rating",IQ.CPA.PUBS.XQ
STP,2017,3.2,"CPIA transparency, accountability, and corruption in the public sector rating",IQ.CPA.PUBS.XQ
TCD,2017,2.7,"CPIA transparency, accountability, and corruption in the public sector rating",IQ.CPA.PUBS.XQ
TGO,2017,2.8,"CPIA transparency, accountability, and corruption in the public sector rating",IQ.CPA.PUBS.XQ
TZA,2017,3.4,"CPIA transparency, accountability, and corruption in the public sector rating",IQ.CPA.PUBS.XQ
UGA,2017,3.0,"CPIA transparency, accountability, and corruption in the public sector rating",IQ.CPA.PUBS.XQ
ZMB,2017,3.2,"CPIA transparency, accountability, and corruption in the public sector rating",IQ.CPA.PUBS.XQ
ZWE,2017,2.8,"CPIA transparency, accountability, and corruption in the public sector rating",IQ.CPA.PUBS.XQ
AGO,2018,,"CPIA transparency, accountability, and corruption in the public sector rating",IQ.CPA.PUBS.XQ
BDI,2018,2.3,"CPIA transparency, accountability, and corruption in the public sector rating",IQ.CPA.PUBS.XQ
BEN,2018,3.3,"CPIA transparency, accountability, and corruption in the public sector rating",IQ.CPA.PUBS.XQ
BFA,2018,3.4,"CPIA transparency, accountability, and corruption in the public sector rating",IQ.CPA.PUBS.XQ
CAF,2018,2.4,"CPIA transparency, accountability, and corruption in the public sector rating",IQ.CPA.PUBS.XQ
CIV,2018,3.3,"CPIA transparency, accountability, and corruption in the public sector rating",IQ.CPA.PUBS.XQ
CMR,2018,3.0,"CPIA transparency, accountability, and corruption in the public sector rating",IQ.CPA.PUBS.XQ
COD,2018,2.5,"CPIA transparency, accountability, and corruption in the public sector rating",IQ.CPA.PUBS.XQ
COG,2018,2.5,"CPIA transparency, accountability, and corruption in the public sector rating",IQ.CPA.PUBS.XQ
COM,2018,2.6,"CPIA transparency, accountability, and corruption in the public sector rating",IQ.CPA.PUBS.XQ
CPV,2018,4.0,"CPIA transparency, accountability, and corruption in the public sector rating",IQ.CPA.PUBS.XQ
DJI,2018,3.0,"CPIA transparency, accountability, and corruption in the public sector rating",IQ.CPA.PUBS.XQ
ERI,2018,2.6,"CPIA transparency, accountability, and corruption in the public sector rating",IQ.CPA.PUBS.XQ
ETH,2018,3.5,"CPIA transparency, accountability, and corruption in the public sector rating",IQ.CPA.PUBS.XQ
GHA,2018,3.6,"CPIA transparency, accountability, and corruption in the public sector rating",IQ.CPA.PUBS.XQ
GIN,2018,2.9,"CPIA transparency, accountability, and corruption in the public sector rating",IQ.CPA.PUBS.XQ
GMB,2018,3.0,"CPIA transparency, accountability, and corruption in the public sector rating",IQ.CPA.PUBS.XQ
GNB,2018,2.0,"CPIA transparency, accountability, and corruption in the public sector rating",IQ.CPA.PUBS.XQ
KEN,2018,3.4,"CPIA transparency, accountability, and corruption in the public sector rating",IQ.CPA.PUBS.XQ
LBR,2018,2.5,"CPIA transparency, accountability, and corruption in the public sector rating",IQ.CPA.PUBS.XQ
LSO,2018,3.2,"CPIA transparency, accountability, and corruption in the public sector rating",IQ.CPA.PUBS.XQ
MDG,2018,2.8,"CPIA transparency, accountability, and corruption in the public sector rating",IQ.CPA.PUBS.XQ
MLI,2018,3.0,"CPIA transparency, accountability, and corruption in the public sector rating",IQ.CPA.PUBS.XQ
MOZ,2018,3.1,"CPIA transparency, accountability, and corruption in the public sector rating",IQ.CPA.PUBS.XQ
MRT,2018,3.3,"CPIA transparency, accountability, and corruption in the public sector rating",IQ.CPA.PUBS.XQ
MWI,2018,3.2,"CPIA transparency, accountability, and corruption in the public sector rating",IQ.CPA.PUBS.XQ
NER,2018,3.1,"CPIA transparency, accountability, and corruption in the public sector rating",IQ.CPA.PUBS.XQ
NGA,2018,2.8,"CPIA transparency, accountability, and corruption in the public sector rating",IQ.CPA.PUBS.XQ
RWA,2018,3.8,"CPIA transparency, accountability, and corruption in the public sector rating",IQ.CPA.PUBS.XQ
SDN,2018,2.1,"CPIA transparency, accountability, and corruption in the public sector rating",IQ.CPA.PUBS.XQ
SEN,2018,3.5,"CPIA transparency, accountability, and corruption in the public sector rating",IQ.CPA.PUBS.XQ
SLE,2018,3.2,"CPIA transparency, accountability, and corruption in the public sector rating",IQ.CPA.PUBS.XQ
SOM,2018,,"CPIA transparency, accountability, and corruption in the public sector rating",IQ.CPA.PUBS.XQ
SSD,2018,1.4,"CPIA transparency, accountability, and corruption in the public sector rating",IQ.CPA.PUBS.XQ
STP,2018,3.2,"CPIA transparency, accountability, and corruption in the public sector rating",IQ.CPA.PUBS.XQ
TCD,2018,2.6,"CPIA transparency, accountability, and corruption in the public sector rating",IQ.CPA.PUBS.XQ
TGO,2018,2.9,"CPIA transparency, accountability, and corruption in the public sector rating",IQ.CPA.PUBS.XQ
TZA,2018,3.0,"CPIA transparency, accountability, and corruption in the public sector rating",IQ.CPA.PUBS.XQ
UGA,2018,3.2,"CPIA transparency, accountability, and corruption in the public sector rating",IQ.CPA.PUBS.XQ
ZMB,2018,3.1,"CPIA transparency, accountability, and corruption in the public sector rating",IQ.CPA.PUBS.XQ
ZWE,2018,2.8,"CPIA transparency, accountability, and corruption in the public sector rating",IQ.CPA.PUBS.XQ
AGO,2019,,"CPIA transparency, accountability, and corruption in the public sector rating",IQ.CPA.PUBS.XQ
BDI,2019,2.3,"CPIA transparency, accountability, and corruption in the public sector rating",IQ.CPA.PUBS.XQ
BEN,2019,3.4,"CPIA transparency, accountability, and corruption in the public sector rating",IQ.CPA.PUBS.XQ
BFA,2019,3.2,"CPIA transparency, accountability, and corruption in the public sector rating",IQ.CPA.PUBS.XQ
CAF,2019,2.4,"CPIA transparency, accountability, and corruption in the public sector rating",IQ.CPA.PUBS.XQ
CIV,2019,3.5,"CPIA transparency, accountability, and corruption in the public sector rating",IQ.CPA.PUBS.XQ
CMR,2019,3.0,"CPIA transparency, accountability, and corruption in the public sector rating",IQ.CPA.PUBS.XQ
COD,2019,2.5,"CPIA transparency, accountability, and corruption in the public sector rating",IQ.CPA.PUBS.XQ
COG,2019,2.7,"CPIA transparency, accountability, and corruption in the public sector rating",IQ.CPA.PUBS.XQ
COM,2019,2.5,"CPIA transparency, accountability, and corruption in the public sector rating",IQ.CPA.PUBS.XQ
CPV,2019,4.0,"CPIA transparency, accountability, and corruption in the public sector rating",IQ.CPA.PUBS.XQ
DJI,2019,3.1,"CPIA transparency, accountability, and corruption in the public sector rating",IQ.CPA.PUBS.XQ
ERI,2019,2.5,"CPIA transparency, accountability, and corruption in the public sector rating",IQ.CPA.PUBS.XQ
ETH,2019,3.4,"CPIA transparency, accountability, and corruption in the public sector rating",IQ.CPA.PUBS.XQ
GHA,2019,3.6,"CPIA transparency, accountability, and corruption in the public sector rating",IQ.CPA.PUBS.XQ
GIN,2019,2.9,"CPIA transparency, accountability, and corruption in the public sector rating",IQ.CPA.PUBS.XQ
GMB,2019,3.0,"CPIA transparency, accountability, and corruption in the public sector rating",IQ.CPA.PUBS.XQ
GNB,2019,2.0,"CPIA transparency, accountability, and corruption in the public sector rating",IQ.CPA.PUBS.XQ
KEN,2019,3.4,"CPIA transparency, accountability, and corruption in the public sector rating",IQ.CPA.PUBS.XQ
LBR,2019,2.7,"CPIA transparency, accountability, and corruption in the public sector rating",IQ.CPA.PUBS.XQ
LSO,2019,3.1,"CPIA transparency, accountability, and corruption in the public sector rating",IQ.CPA.PUBS.XQ
MDG,2019,2.7,"CPIA transparency, accountability, and corruption in the public sector rating",IQ.CPA.PUBS.XQ
MLI,2019,3.1,"CPIA transparency, accountability, and corruption in the public sector rating",IQ.CPA.PUBS.XQ
MOZ,2019,3.1,"CPIA transparency, accountability, and corruption in the public sector rating",IQ.CPA.PUBS.XQ
MRT,2019,3.3,"CPIA transparency, accountability, and corruption in the public sector rating",IQ.CPA.PUBS.XQ
MWI,2019,3.0,"CPIA transparency, accountability, and corruption in the public sector rating",IQ.CPA.PUBS.XQ
NER,2019,3.1,"CPIA transparency, accountability, and corruption in the public sector rating",IQ.CPA.PUBS.XQ
NGA,2019,2.8,"CPIA transparency, accountability, and corruption in the public sector rating",IQ.CPA.PUBS.XQ
RWA,2019,3.8,"CPIA transparency, accountability, and corruption in the public sector rating",IQ.CPA.PUBS.XQ
SDN,2019,2.1,"CPIA transparency, accountability, and corruption in the public sector rating",IQ.CPA.PUBS.XQ
SEN,2019,3.5,"CPIA transparency, accountability, and corruption in the public sector rating",IQ.CPA.PUBS.XQ
SLE,2019,3.2,"CPIA transparency, accountability, and corruption in the public sector rating",IQ.CPA.PUBS.XQ
SOM,2019,2.0,"CPIA transparency, accountability, and corruption in the public sector rating",IQ.CPA.PUBS.XQ
SSD,2019,1.4,"CPIA transparency, accountability, and corruption in the public sector rating",IQ.CPA.PUBS.XQ
STP,2019,3.1,"CPIA transparency, accountability, and corruption in the public sector rating",IQ.CPA.PUBS.XQ
TCD,2019,2.5,"CPIA transparency, accountability, and corruption in the public sector rating",IQ.CPA.PUBS.XQ
TGO,2019,3.1,"CPIA transparency, accountability, and corruption in the public sector rating",IQ.CPA.PUBS.XQ
TZA,2019,3.0,"CPIA transparency, accountability, and corruption in the public sector rating",IQ.CPA.PUBS.XQ
UGA,2019,3.2,"CPIA transparency, accountability, and corruption in the public sector rating",IQ.CPA.PUBS.XQ
ZMB,2019,3.0,"CPIA transparency, accountability, and corruption in the public sector rating",IQ.CPA.PUBS.XQ
ZWE,2019,2.9,"CPIA transparency, accountability, and corruption in the public sector rating",IQ.CPA.PUBS.XQ
AGO,2020,,"CPIA transparency, accountability, and corruption in the public sector rating",IQ.CPA.PUBS.XQ
BDI,2020,2.3,"CPIA transparency, accountability, and corruption in the public sector rating",IQ.CPA.PUBS.XQ
BEN,2020,3.4,"CPIA transparency, accountability, and corruption in the public sector rating",IQ.CPA.PUBS.XQ
BFA,2020,3.4,"CPIA transparency, accountability, and corruption in the public sector rating",IQ.CPA.PUBS.XQ
CAF,2020,2.4,"CPIA transparency, accountability, and corruption in the public sector rating",IQ.CPA.PUBS.XQ
CIV,2020,3.5,"CPIA transparency, accountability, and corruption in the public sector rating",IQ.CPA.PUBS.XQ
CMR,2020,3.1,"CPIA transparency, accountability, and corruption in the public sector rating",IQ.CPA.PUBS.XQ
COD,2020,2.5,"CPIA transparency, accountability, and corruption in the public sector rating",IQ.CPA.PUBS.XQ
COG,2020,2.5,"CPIA transparency, accountability, and corruption in the public sector rating",IQ.CPA.PUBS.XQ
COM,2020,2.4,"CPIA transparency, accountability, and corruption in the public sector rating",IQ.CPA.PUBS.XQ
CPV,2020,4.1,"CPIA transparency, accountability, and corruption in the public sector rating",IQ.CPA.PUBS.XQ
DJI,2020,3.2,"CPIA transparency, accountability, and corruption in the public sector rating",IQ.CPA.PUBS.XQ
ERI,2020,2.4,"CPIA transparency, accountability, and corruption in the public sector rating",IQ.CPA.PUBS.XQ
ETH,2020,3.5,"CPIA transparency, accountability, and corruption in the public sector rating",IQ.CPA.PUBS.XQ
GHA,2020,3.6,"CPIA transparency, accountability, and corruption in the public sector rating",IQ.CPA.PUBS.XQ
GIN,2020,2.9,"CPIA transparency, accountability, and corruption in the public sector rating",IQ.CPA.PUBS.XQ
GMB,2020,3.0,"CPIA transparency, accountability, and corruption in the public sector rating",IQ.CPA.PUBS.XQ
GNB,2020,2.0,"CPIA transparency, accountability, and corruption in the public sector rating",IQ.CPA.PUBS.XQ
KEN,2020,3.4,"CPIA transparency, accountability, and corruption in the public sector rating",IQ.CPA.PUBS.XQ
LBR,2020,2.7,"CPIA transparency, accountability, and corruption in the public sector rating",IQ.CPA.PUBS.XQ
LSO,2020,3.0,"CPIA transparency, accountability, and corruption in the public sector rating",IQ.CPA.PUBS.XQ
MDG,2020,2.7,"CPIA transparency, accountability, and corruption in the public sector rating",IQ.CPA.PUBS.XQ
MLI,2020,2.7,"CPIA transparency, accountability, and corruption in the public sector rating",IQ.CPA.PUBS.XQ
MOZ,2020,3.0,"CPIA transparency, accountability, and corruption in the public sector rating",IQ.CPA.PUBS.XQ
MRT,2020,3.2,"CPIA transparency, accountability, and corruption in the public sector rating",IQ.CPA.PUBS.XQ
MWI,2020,3.0,"CPIA transparency, accountability, and corruption in the public sector rating",IQ.CPA.PUBS.XQ
NER,2020,3.2,"CPIA transparency, accountability, and corruption in the public sector rating",IQ.CPA.PUBS.XQ
NGA,2020,2.8,"CPIA transparency, accountability, and corruption in the public sector rating",IQ.CPA.PUBS.XQ
RWA,2020,3.8,"CPIA transparency, accountability, and corruption in the public sector rating",IQ.CPA.PUBS.XQ
SDN,2020,2.1,"CPIA transparency, accountability, and corruption in the public sector rating",IQ.CPA.PUBS.XQ
SEN,2020,3.5,"CPIA transparency, accountability, and corruption in the public sector rating",IQ.CPA.PUBS.XQ
SLE,2020,3.2,"CPIA transparency, accountability, and corruption in the public sector rating",IQ.CPA.PUBS.XQ
SOM,2020,2.0,"CPIA transparency, accountability, and corruption in the public sector rating",IQ.CPA.PUBS.XQ
SSD,2020,1.4,"CPIA transparency, accountability, and corruption in the public sector rating",IQ.CPA.PUBS.XQ
STP,2020,3.0,"CPIA transparency, accountability, and corruption in the public sector rating",IQ.CPA.PUBS.XQ
TCD,2020,2.6,"CPIA transparency, accountability, and corruption in the public sector rating",IQ.CPA.PUBS.XQ
TGO,2020,3.2,"CPIA transparency, accountability, and corruption in the public sector rating",IQ.CPA.PUBS.XQ
TZA,2020,3.0,"CPIA transparency, accountability, and corruption in the public sector rating",IQ.CPA.PUBS.XQ
UGA,2020,3.2,"CPIA transparency, accountability, and corruption in the public sector rating",IQ.CPA.PUBS.XQ
ZMB,2020,3.0,"CPIA transparency, accountability, and corruption in the public sector rating",IQ.CPA.PUBS.XQ
ZWE,2020,2.9,"CPIA transparency, accountability, and corruption in the public sector rating",IQ.CPA.PUBS.XQ
AGO,2021,,"CPIA transparency, accountability, and corruption in the public sector rating",IQ.CPA.PUBS.XQ
BDI,2021,2.3,"CPIA transparency, accountability, and corruption in the public sector rating",IQ.CPA.PUBS.XQ
BEN,2021,3.5,"CPIA transparency, accountability, and corruption in the public sector rating",IQ.CPA.PUBS.XQ
BFA,2021,3.4,"CPIA transparency, accountability, and corruption in the public sector rating",IQ.CPA.PUBS.XQ
CAF,2021,2.4,"CPIA transparency, accountability, and corruption in the public sector rating",IQ.CPA.PUBS.XQ
CIV,2021,3.5,"CPIA transparency, accountability, and corruption in the public sector rating",IQ.CPA.PUBS.XQ
CMR,2021,3.0,"CPIA transparency, accountability, and corruption in the public sector rating",IQ.CPA.PUBS.XQ
COD,2021,2.5,"CPIA transparency, accountability, and corruption in the public sector rating",IQ.CPA.PUBS.XQ
COG,2021,2.5,"CPIA transparency, accountability, and corruption in the public sector rating",IQ.CPA.PUBS.XQ
COM,2021,2.2,"CPIA transparency, accountability, and corruption in the public sector rating",IQ.CPA.PUBS.XQ
CPV,2021,4.1,"CPIA transparency, accountability, and corruption in the public sector rating",IQ.CPA.PUBS.XQ
DJI,2021,3.1,"CPIA transparency, accountability, and corruption in the public sector rating",IQ.CPA.PUBS.XQ
ERI,2021,2.3,"CPIA transparency, accountability, and corruption in the public sector rating",IQ.CPA.PUBS.XQ
ETH,2021,3.4,"CPIA transparency, accountability, and corruption in the public sector rating",IQ.CPA.PUBS.XQ
GHA,2021,3.6,"CPIA transparency, accountability, and corruption in the public sector rating",IQ.CPA.PUBS.XQ
GIN,2021,3.0,"CPIA transparency, accountability, and corruption in the public sector rating",IQ.CPA.PUBS.XQ
GMB,2021,3.0,"CPIA transparency, accountability, and corruption in the public sector rating",IQ.CPA.PUBS.XQ
GNB,2021,2.1,"CPIA transparency, accountability, and corruption in the public sector rating",IQ.CPA.PUBS.XQ
KEN,2021,3.6,"CPIA transparency, accountability, and corruption in the public sector rating",IQ.CPA.PUBS.XQ
LBR,2021,2.8,"CPIA transparency, accountability, and corruption in the public sector rating",IQ.CPA.PUBS.XQ
LSO,2021,3.0,"CPIA transparency, accountability, and corruption in the public sector rating",IQ.CPA.PUBS.XQ
MDG,2021,2.7,"CPIA transparency, accountability, and corruption in the public sector rating",IQ.CPA.PUBS.XQ
MLI,2021,2.6,"CPIA transparency, accountability, and corruption in the public sector rating",IQ.CPA.PUBS.XQ
MOZ,2021,3.0,"CPIA transparency, accountability, and corruption in the public sector rating",IQ.CPA.PUBS.XQ
MRT,2021,3.3,"CPIA transparency, accountability, and corruption in the public sector rating",IQ.CPA.PUBS.XQ
MWI,2021,3.0,"CPIA transparency, accountability, and corruption in the public sector rating",IQ.CPA.PUBS.XQ
NER,2021,3.2,"CPIA transparency, accountability, and corruption in the public sector rating",IQ.CPA.PUBS.XQ
NGA,2021,2.8,"CPIA transparency, accountability, and corruption in the public sector rating",IQ.CPA.PUBS.XQ
RWA,2021,3.8,"CPIA transparency, accountability, and corruption in the public sector rating",IQ.CPA.PUBS.XQ
SDN,2021,1.9,"CPIA transparency, accountability, and corruption in the public sector rating",IQ.CPA.PUBS.XQ
SEN,2021,3.6,"CPIA transparency, accountability, and corruption in the public sector rating",IQ.CPA.PUBS.XQ
SLE,2021,3.2,"CPIA transparency, accountability, and corruption in the public sector rating",IQ.CPA.PUBS.XQ
SOM,2021,1.9,"CPIA transparency, accountability, and corruption in the public sector rating",IQ.CPA.PUBS.XQ
SSD,2021,1.4,"CPIA transparency, accountability, and corruption in the public sector rating",IQ.CPA.PUBS.XQ
STP,2021,3.0,"CPIA transparency, accountability, and corruption in the public sector rating",IQ.CPA.PUBS.XQ
TCD,2021,2.5,"CPIA transparency, accountability, and corruption in the public sector rating",IQ.CPA.PUBS.XQ
TGO,2021,3.2,"CPIA transparency, accountability, and corruption in the public sector rating",IQ.CPA.PUBS.XQ
TZA,2021,3.0,"CPIA transparency, accountability, and corruption in the public sector rating",IQ.CPA.PUBS.XQ
UGA,2021,3.2,"CPIA transparency, accountability, and corruption in the public sector rating",IQ.CPA.PUBS.XQ
ZMB,2021,2.9,"CPIA transparency, accountability, and corruption in the public sector rating",IQ.CPA.PUBS.XQ
ZWE,2021,2.9,"CPIA transparency, accountability, and corruption in the public sector rating",IQ.CPA.PUBS.XQ
AGO,2022,,"CPIA transparency, accountability, and corruption in the public sector rating",IQ.CPA.PUBS.XQ
BDI,2022,2.5,"CPIA transparency, accountability, and corruption in the public sector rating",IQ.CPA.PUBS.XQ
BEN,2022,3.6,"CPIA transparency, accountability, and corruption in the public sector rating",IQ.CPA.PUBS.XQ
BFA,2022,3.2,"CPIA transparency, accountability, and corruption in the public sector rating",IQ.CPA.PUBS.XQ
CAF,2022,2.4,"CPIA transparency, accountability, and corruption in the public sector rating",IQ.CPA.PUBS.XQ
CIV,2022,3.6,"CPIA transparency, accountability, and corruption in the public sector rating",IQ.CPA.PUBS.XQ
CMR,2022,3.0,"CPIA transparency, accountability, and corruption in the public sector rating",IQ.CPA.PUBS.XQ
COD,2022,2.5,"CPIA transparency, accountability, and corruption in the public sector rating",IQ.CPA.PUBS.XQ
COG,2022,2.7,"CPIA transparency, accountability, and corruption in the public sector rating",IQ.CPA.PUBS.XQ
COM,2022,2.1,"CPIA transparency, accountability, and corruption in the public sector rating",IQ.CPA.PUBS.XQ
CPV,2022,4.0,"CPIA transparency, accountability, and corruption in the public sector rating",IQ.CPA.PUBS.XQ
DJI,2022,3.1,"CPIA transparency, accountability, and corruption in the public sector rating",IQ.CPA.PUBS.XQ
ERI,2022,2.1,"CPIA transparency, accountability, and corruption in the public sector rating",IQ.CPA.PUBS.XQ
ETH,2022,3.4,"CPIA transparency, accountability, and corruption in the public sector rating",IQ.CPA.PUBS.XQ
GHA,2022,3.6,"CPIA transparency, accountability, and corruption in the public sector rating",IQ.CPA.PUBS.XQ
GIN,2022,3.0,"CPIA transparency, accountability, and corruption in the public sector rating",IQ.CPA.PUBS.XQ
GMB,2022,3.0,"CPIA transparency, accountability, and corruption in the public sector rating",IQ.CPA.PUBS.XQ
GNB,2022,2.1,"CPIA transparency, accountability, and corruption in the public sector rating",IQ.CPA.PUBS.XQ
KEN,2022,3.5,"CPIA transparency, accountability, and corruption in the public sector rating",IQ.CPA.PUBS.XQ
LBR,2022,2.7,"CPIA transparency, accountability, and corruption in the public sector rating",IQ.CPA.PUBS.XQ
LSO,2022,3.0,"CPIA transparency, accountability, and corruption in the public sector rating",IQ.CPA.PUBS.XQ
MDG,2022,2.7,"CPIA transparency, accountability, and corruption in the public sector rating",IQ.CPA.PUBS.XQ
MLI,2022,2.4,"CPIA transparency, accountability, and corruption in the public sector rating",IQ.CPA.PUBS.XQ
MOZ,2022,3.0,"CPIA transparency, accountability, and corruption in the public sector rating",IQ.CPA.PUBS.XQ
MRT,2022,3.3,"CPIA transparency, accountability, and corruption in the public sector rating",IQ.CPA.PUBS.XQ
MWI,2022,2.9,"CPIA transparency, accountability, and corruption in the public sector rating",IQ.CPA.PUBS.XQ
NER,2022,3.2,"CPIA transparency, accountability, and corruption in the public sector rating",IQ.CPA.PUBS.XQ
NGA,2022,2.8,"CPIA transparency, accountability, and corruption in the public sector rating",IQ.CPA.PUBS.XQ
RWA,2022,3.8,"CPIA transparency, accountability, and corruption in the public sector rating",IQ.CPA.PUBS.XQ
SDN,2022,1.8,"CPIA transparency, accountability, and corruption in the public sector rating",IQ.CPA.PUBS.XQ
SEN,2022,3.6,"CPIA transparency, accountability, and corruption in the public sector rating",IQ.CPA.PUBS.XQ
SLE,2022,3.2,"CPIA transparency, accountability, and corruption in the public sector rating",IQ.CPA.PUBS.XQ
SOM,2022,1.9,"CPIA transparency, accountability, and corruption in the public sector rating",IQ.CPA.PUBS.XQ
SSD,2022,1.4,"CPIA transparency, accountability, and corruption in the public sector rating",IQ.CPA.PUBS.XQ
STP,2022,3.0,"CPIA transparency, accountability, and corruption in the public sector rating",IQ.CPA.PUBS.XQ
TCD,2022,2.5,"CPIA transparency, accountability, and corruption in the public sector rating",IQ.CPA.PUBS.XQ
TGO,2022,3.2,"CPIA transparency, accountability, and corruption in the public sector rating",IQ.CPA.PUBS.XQ
TZA,2022,3.0,"CPIA transparency, accountability, and corruption in the public sector rating",IQ.CPA.PUBS.XQ
UGA,2022,3.3,"CPIA transparency, accountability, and corruption in the public sector rating",IQ.CPA.PUBS.XQ
ZMB,2022,2.9,"CPIA transparency, accountability, and corruption in the public sector rating",IQ.CPA.PUBS.XQ
ZWE,2022,2.9,"CPIA transparency, accountability, and corruption in the public sector rating",IQ.CPA.PUBS.XQ
AGO,2023,,"CPIA transparency, accountability, and corruption in the public sector rating",IQ.CPA.PUBS.XQ
BDI,2023,2.4,"CPIA transparency, accountability, and corruption in the public sector rating",IQ.CPA.PUBS.XQ
BEN,2023,3.7,"CPIA transparency, accountability, and corruption in the public sector rating",IQ.CPA.PUBS.XQ
BFA,2023,3.2,"CPIA transparency, accountability, and corruption in the public sector rating",IQ.CPA.PUBS.XQ
CAF,2023,2.4,"CPIA transparency, accountability, and corruption in the public sector rating",IQ.CPA.PUBS.XQ
CIV,2023,3.7,"CPIA transparency, accountability, and corruption in the public sector rating",IQ.CPA.PUBS.XQ
CMR,2023,3.0,"CPIA transparency, accountability, and corruption in the public sector rating",IQ.CPA.PUBS.XQ
COD,2023,2.6,"CPIA transparency, accountability, and corruption in the public sector rating",IQ.CPA.PUBS.XQ
COG,2023,2.8,"CPIA transparency, accountability, and corruption in the public sector rating",IQ.CPA.PUBS.XQ
COM,2023,2.1,"CPIA transparency, accountability, and corruption in the public sector rating",IQ.CPA.PUBS.XQ
CPV,2023,4.0,"CPIA transparency, accountability, and corruption in the public sector rating",IQ.CPA.PUBS.XQ
DJI,2023,3.1,"CPIA transparency, accountability, and corruption in the public sector rating",IQ.CPA.PUBS.XQ
ERI,2023,1.5,"CPIA transparency, accountability, and corruption in the public sector rating",IQ.CPA.PUBS.XQ
ETH,2023,3.1,"CPIA transparency, accountability, and corruption in the public sector rating",IQ.CPA.PUBS.XQ
GHA,2023,3.6,"CPIA transparency, accountability, and corruption in the public sector rating",IQ.CPA.PUBS.XQ
GIN,2023,3.0,"CPIA transparency, accountability, and corruption in the public sector rating",IQ.CPA.PUBS.XQ
GMB,2023,3.1,"CPIA transparency, accountability, and corruption in the public sector rating",IQ.CPA.PUBS.XQ
GNB,2023,2.1,"CPIA transparency, accountability, and corruption in the public sector rating",IQ.CPA.PUBS.XQ
KEN,2023,3.6,"CPIA transparency, accountability, and corruption in the public sector rating",IQ.CPA.PUBS.XQ
LBR,2023,2.7,"CPIA transparency, accountability, and corruption in the public sector rating",IQ.CPA.PUBS.XQ
LSO,2023,2.9,"CPIA transparency, accountability, and corruption in the public sector rating",IQ.CPA.PUBS.XQ
MDG,2023,2.7,"CPIA transparency, accountability, and corruption in the public sector rating",IQ.CPA.PUBS.XQ
MLI,2023,2.3,"CPIA transparency, accountability, and corruption in the public sector rating",IQ.CPA.PUBS.XQ
MOZ,2023,2.9,"CPIA transparency, accountability, and corruption in the public sector rating",IQ.CPA.PUBS.XQ
MRT,2023,3.4,"CPIA transparency, accountability, and corruption in the public sector rating",IQ.CPA.PUBS.XQ
MWI,2023,3.0,"CPIA transparency, accountability, and corruption in the public sector rating",IQ.CPA.PUBS.XQ
NER,2023,3.2,"CPIA transparency, accountability, and corruption in the public sector rating",IQ.CPA.PUBS.XQ
NGA,2023,2.7,"CPIA transparency, accountability, and corruption in the public sector rating",IQ.CPA.PUBS.XQ
RWA,2023,3.9,"CPIA transparency, accountability, and corruption in the public sector rating",IQ.CPA.PUBS.XQ
SDN,2023,1.8,"CPIA transparency, accountability, and corruption in the public sector rating",IQ.CPA.PUBS.XQ
SEN,2023,3.6,"CPIA transparency, accountability, and corruption in the public sector rating",IQ.CPA.PUBS.XQ
SLE,2023,3.2,"CPIA transparency, accountability, and corruption in the public sector rating",IQ.CPA.PUBS.XQ
SOM,2023,1.9,"CPIA transparency, accountability, and corruption in the public sector rating",IQ.CPA.PUBS.XQ
SSD,2023,1.3,"CPIA transparency, accountability, and corruption in the public sector rating",IQ.CPA.PUBS.XQ
STP,2023,3.0,"CPIA transparency, accountability, and corruption in the public sector rating",IQ.CPA.PUBS.XQ
TCD,2023,2.4,"CPIA transparency, accountability, and corruption in the public sector rating",IQ.CPA.PUBS.XQ
TGO,2023,3.4,"CPIA transparency, accountability, and corruption in the public sector rating",IQ.CPA.PUBS.XQ
TZA,2023,3.1,"CPIA transparency, accountability, and corruption in the public sector rating",IQ.CPA.PUBS.XQ
UGA,2023,3.3,"CPIA transparency, accountability, and corruption in the public sector rating",IQ.CPA.PUBS.XQ
ZMB,2023,2.9,"CPIA transparency, accountability, and corruption in the public sector rating",IQ.CPA.PUBS.XQ
ZWE,2023,2.9,"CPIA transparency, accountability, and corruption in the public sector rating",IQ.CPA.PUBS.XQ
