iso3,year,indicator description,indicator code,value
ALB,2012,WJP Factor 2: Absence of Corruption,WJP_F2,0.3118329342782579
ALB,2013,WJP Factor 2: Absence of Corruption,WJP_F2,0.3118329342782579
ARG,2012,WJP Factor 2: Absence of Corruption,WJP_F2,0.4747296419384655
ARG,2013,WJP Factor 2: Absence of Corruption,WJP_F2,0.4747296419384655
AUS,2012,WJP Factor 2: Absence of Corruption,WJP_F2,0.8967287344722012
AUS,2013,WJP Factor 2: Absence of Corruption,WJP_F2,0.8967287344722012
AUT,2012,WJP Factor 2: Absence of Corruption,WJP_F2,0.7734109758167311
AUT,2013,WJP Factor 2: Absence of Corruption,WJP_F2,0.7734109758167311
BGD,2012,WJP Factor 2: Absence of Corruption,WJP_F2,0.29001626641235384
BGD,2013,WJP Factor 2: Absence of Corruption,WJP_F2,0.29001626641235384
BLR,2012,WJP Factor 2: Absence of Corruption,WJP_F2,0.5034584252074124
BLR,2013,WJP Factor 2: Absence of Corruption,WJP_F2,0.5034584252074124
BEL,2012,WJP Factor 2: Absence of Corruption,WJP_F2,0.7822813471465131
BEL,2013,WJP Factor 2: Absence of Corruption,WJP_F2,0.7822813471465131
BOL,2012,WJP Factor 2: Absence of Corruption,WJP_F2,0.24491313563896622
BOL,2013,WJP Factor 2: Absence of Corruption,WJP_F2,0.24491313563896622
BIH,2012,WJP Factor 2: Absence of Corruption,WJP_F2,0.4661862285993301
BIH,2013,WJP Factor 2: Absence of Corruption,WJP_F2,0.4661862285993301
BWA,2012,WJP Factor 2: Absence of Corruption,WJP_F2,0.7534426446104103
BWA,2013,WJP Factor 2: Absence of Corruption,WJP_F2,0.7534426446104103
BRA,2012,WJP Factor 2: Absence of Corruption,WJP_F2,0.5227219822952456
BRA,2013,WJP Factor 2: Absence of Corruption,WJP_F2,0.5227219822952456
BGR,2012,WJP Factor 2: Absence of Corruption,WJP_F2,0.45726631115612915
BGR,2013,WJP Factor 2: Absence of Corruption,WJP_F2,0.45726631115612915
BFA,2012,WJP Factor 2: Absence of Corruption,WJP_F2,0.49639320051816443
BFA,2013,WJP Factor 2: Absence of Corruption,WJP_F2,0.49639320051816443
KHM,2012,WJP Factor 2: Absence of Corruption,WJP_F2,0.3095372702256043
KHM,2013,WJP Factor 2: Absence of Corruption,WJP_F2,0.3095372702256043
CMR,2012,WJP Factor 2: Absence of Corruption,WJP_F2,0.20123941578361718
CMR,2013,WJP Factor 2: Absence of Corruption,WJP_F2,0.20123941578361718
CAN,2012,WJP Factor 2: Absence of Corruption,WJP_F2,0.8062545332671343
CAN,2013,WJP Factor 2: Absence of Corruption,WJP_F2,0.8062545332671343
CHL,2012,WJP Factor 2: Absence of Corruption,WJP_F2,0.7389208735275772
CHL,2013,WJP Factor 2: Absence of Corruption,WJP_F2,0.7389208735275772
CHN,2012,WJP Factor 2: Absence of Corruption,WJP_F2,0.5185998686553852
CHN,2013,WJP Factor 2: Absence of Corruption,WJP_F2,0.5185998686553852
COL,2012,WJP Factor 2: Absence of Corruption,WJP_F2,0.43734033044426857
COL,2013,WJP Factor 2: Absence of Corruption,WJP_F2,0.43734033044426857
CIV,2012,WJP Factor 2: Absence of Corruption,WJP_F2,0.3943808833631558
CIV,2013,WJP Factor 2: Absence of Corruption,WJP_F2,0.3943808833631558
HRV,2012,WJP Factor 2: Absence of Corruption,WJP_F2,0.5467458901485189
HRV,2013,WJP Factor 2: Absence of Corruption,WJP_F2,0.5467458901485189
CZE,2012,WJP Factor 2: Absence of Corruption,WJP_F2,0.6178882882160722
CZE,2013,WJP Factor 2: Absence of Corruption,WJP_F2,0.6178882882160722
DNK,2012,WJP Factor 2: Absence of Corruption,WJP_F2,0.9533835540376235
DNK,2013,WJP Factor 2: Absence of Corruption,WJP_F2,0.9533835540376235
DOM,2012,WJP Factor 2: Absence of Corruption,WJP_F2,0.35787500511884474
DOM,2013,WJP Factor 2: Absence of Corruption,WJP_F2,0.35787500511884474
ECU,2012,WJP Factor 2: Absence of Corruption,WJP_F2,0.4654552086247125
ECU,2013,WJP Factor 2: Absence of Corruption,WJP_F2,0.4654552086247125
EGY,2012,WJP Factor 2: Absence of Corruption,WJP_F2,0.5134657657438537
EGY,2013,WJP Factor 2: Absence of Corruption,WJP_F2,0.5134657657438537
SLV,2012,WJP Factor 2: Absence of Corruption,WJP_F2,0.45110131171743334
SLV,2013,WJP Factor 2: Absence of Corruption,WJP_F2,0.45110131171743334
EST,2012,WJP Factor 2: Absence of Corruption,WJP_F2,0.7734494396402283
EST,2013,WJP Factor 2: Absence of Corruption,WJP_F2,0.7734494396402283
ETH,2012,WJP Factor 2: Absence of Corruption,WJP_F2,0.43781227092312247
ETH,2013,WJP Factor 2: Absence of Corruption,WJP_F2,0.43781227092312247
FIN,2012,WJP Factor 2: Absence of Corruption,WJP_F2,0.931409059807514
FIN,2013,WJP Factor 2: Absence of Corruption,WJP_F2,0.931409059807514
FRA,2012,WJP Factor 2: Absence of Corruption,WJP_F2,0.8020055626475493
FRA,2013,WJP Factor 2: Absence of Corruption,WJP_F2,0.8020055626475493
GEO,2012,WJP Factor 2: Absence of Corruption,WJP_F2,0.7687037533123615
GEO,2013,WJP Factor 2: Absence of Corruption,WJP_F2,0.7687037533123615
DEU,2012,WJP Factor 2: Absence of Corruption,WJP_F2,0.8202622534281774
DEU,2013,WJP Factor 2: Absence of Corruption,WJP_F2,0.8202622534281774
GHA,2012,WJP Factor 2: Absence of Corruption,WJP_F2,0.4472985058478207
GHA,2013,WJP Factor 2: Absence of Corruption,WJP_F2,0.4472985058478207
GRC,2012,WJP Factor 2: Absence of Corruption,WJP_F2,0.5634485078052034
GRC,2013,WJP Factor 2: Absence of Corruption,WJP_F2,0.5634485078052034
GTM,2012,WJP Factor 2: Absence of Corruption,WJP_F2,0.2924890209332174
GTM,2013,WJP Factor 2: Absence of Corruption,WJP_F2,0.2924890209332174
HKG,2012,WJP Factor 2: Absence of Corruption,WJP_F2,0.8920613637972921
HKG,2013,WJP Factor 2: Absence of Corruption,WJP_F2,0.8920613637972921
HUN,2012,WJP Factor 2: Absence of Corruption,WJP_F2,0.722214123223442
HUN,2013,WJP Factor 2: Absence of Corruption,WJP_F2,0.722214123223442
IND,2012,WJP Factor 2: Absence of Corruption,WJP_F2,0.31920474522255005
IND,2013,WJP Factor 2: Absence of Corruption,WJP_F2,0.31920474522255005
IDN,2012,WJP Factor 2: Absence of Corruption,WJP_F2,0.3049786279491791
IDN,2013,WJP Factor 2: Absence of Corruption,WJP_F2,0.3049786279491791
IRN,2012,WJP Factor 2: Absence of Corruption,WJP_F2,0.4872603480623785
IRN,2013,WJP Factor 2: Absence of Corruption,WJP_F2,0.4872603480623785
ITA,2012,WJP Factor 2: Absence of Corruption,WJP_F2,0.6241685861281103
ITA,2013,WJP Factor 2: Absence of Corruption,WJP_F2,0.6241685861281103
JAM,2012,WJP Factor 2: Absence of Corruption,WJP_F2,0.510368552673662
JAM,2013,WJP Factor 2: Absence of Corruption,WJP_F2,0.510368552673662
JPN,2012,WJP Factor 2: Absence of Corruption,WJP_F2,0.8444852300568908
JPN,2013,WJP Factor 2: Absence of Corruption,WJP_F2,0.8444852300568908
JOR,2012,WJP Factor 2: Absence of Corruption,WJP_F2,0.5691797906374068
JOR,2013,WJP Factor 2: Absence of Corruption,WJP_F2,0.5691797906374068
KAZ,2012,WJP Factor 2: Absence of Corruption,WJP_F2,0.37927327599906413
KAZ,2013,WJP Factor 2: Absence of Corruption,WJP_F2,0.37927327599906413
KEN,2012,WJP Factor 2: Absence of Corruption,WJP_F2,0.26770900271176695
KEN,2013,WJP Factor 2: Absence of Corruption,WJP_F2,0.26770900271176695
KOR,2012,WJP Factor 2: Absence of Corruption,WJP_F2,0.7354072419745821
KOR,2013,WJP Factor 2: Absence of Corruption,WJP_F2,0.7354072419745821
KGZ,2012,WJP Factor 2: Absence of Corruption,WJP_F2,0.26280851924545723
KGZ,2013,WJP Factor 2: Absence of Corruption,WJP_F2,0.26280851924545723
LBN,2012,WJP Factor 2: Absence of Corruption,WJP_F2,0.42335380119871535
LBN,2013,WJP Factor 2: Absence of Corruption,WJP_F2,0.42335380119871535
LBR,2012,WJP Factor 2: Absence of Corruption,WJP_F2,0.3569380353726043
LBR,2013,WJP Factor 2: Absence of Corruption,WJP_F2,0.3569380353726043
MDG,2012,WJP Factor 2: Absence of Corruption,WJP_F2,0.38931293720442073
MDG,2013,WJP Factor 2: Absence of Corruption,WJP_F2,0.38931293720442073
MWI,2012,WJP Factor 2: Absence of Corruption,WJP_F2,0.437999548395962
MWI,2013,WJP Factor 2: Absence of Corruption,WJP_F2,0.437999548395962
MYS,2012,WJP Factor 2: Absence of Corruption,WJP_F2,0.6870029580495124
MYS,2013,WJP Factor 2: Absence of Corruption,WJP_F2,0.6870029580495124
MEX,2012,WJP Factor 2: Absence of Corruption,WJP_F2,0.3675316771819303
MEX,2013,WJP Factor 2: Absence of Corruption,WJP_F2,0.3675316771819303
MDA,2012,WJP Factor 2: Absence of Corruption,WJP_F2,0.3291082173783849
MDA,2013,WJP Factor 2: Absence of Corruption,WJP_F2,0.3291082173783849
MNG,2012,WJP Factor 2: Absence of Corruption,WJP_F2,0.40471460405454135
MNG,2013,WJP Factor 2: Absence of Corruption,WJP_F2,0.40471460405454135
MAR,2012,WJP Factor 2: Absence of Corruption,WJP_F2,0.3261892841501585
MAR,2013,WJP Factor 2: Absence of Corruption,WJP_F2,0.3261892841501585
NPL,2012,WJP Factor 2: Absence of Corruption,WJP_F2,0.3981133164665761
NPL,2013,WJP Factor 2: Absence of Corruption,WJP_F2,0.3981133164665761
NLD,2012,WJP Factor 2: Absence of Corruption,WJP_F2,0.9307893173789292
NLD,2013,WJP Factor 2: Absence of Corruption,WJP_F2,0.9307893173789292
NZL,2012,WJP Factor 2: Absence of Corruption,WJP_F2,0.9218830160912995
NZL,2013,WJP Factor 2: Absence of Corruption,WJP_F2,0.9218830160912995
NIC,2012,WJP Factor 2: Absence of Corruption,WJP_F2,0.3958789710469657
NIC,2013,WJP Factor 2: Absence of Corruption,WJP_F2,0.3958789710469657
NGA,2012,WJP Factor 2: Absence of Corruption,WJP_F2,0.24549908850896568
NGA,2013,WJP Factor 2: Absence of Corruption,WJP_F2,0.24549908850896568
MKD,2012,WJP Factor 2: Absence of Corruption,WJP_F2,0.5474619853852206
MKD,2013,WJP Factor 2: Absence of Corruption,WJP_F2,0.5474619853852206
NOR,2012,WJP Factor 2: Absence of Corruption,WJP_F2,0.9414527349761193
NOR,2013,WJP Factor 2: Absence of Corruption,WJP_F2,0.9414527349761193
PAK,2012,WJP Factor 2: Absence of Corruption,WJP_F2,0.27557641905851255
PAK,2013,WJP Factor 2: Absence of Corruption,WJP_F2,0.27557641905851255
PAN,2012,WJP Factor 2: Absence of Corruption,WJP_F2,0.4076117539674321
PAN,2013,WJP Factor 2: Absence of Corruption,WJP_F2,0.4076117539674321
PER,2012,WJP Factor 2: Absence of Corruption,WJP_F2,0.3658171411295407
PER,2013,WJP Factor 2: Absence of Corruption,WJP_F2,0.3658171411295407
PHL,2012,WJP Factor 2: Absence of Corruption,WJP_F2,0.4139081076223812
PHL,2013,WJP Factor 2: Absence of Corruption,WJP_F2,0.4139081076223812
POL,2012,WJP Factor 2: Absence of Corruption,WJP_F2,0.7180146379804256
POL,2013,WJP Factor 2: Absence of Corruption,WJP_F2,0.7180146379804256
PRT,2012,WJP Factor 2: Absence of Corruption,WJP_F2,0.6789111775401024
PRT,2013,WJP Factor 2: Absence of Corruption,WJP_F2,0.6789111775401024
ROU,2012,WJP Factor 2: Absence of Corruption,WJP_F2,0.5001427474038979
ROU,2013,WJP Factor 2: Absence of Corruption,WJP_F2,0.5001427474038979
RUS,2012,WJP Factor 2: Absence of Corruption,WJP_F2,0.3907091738481854
RUS,2013,WJP Factor 2: Absence of Corruption,WJP_F2,0.3907091738481854
SEN,2012,WJP Factor 2: Absence of Corruption,WJP_F2,0.48835424878569567
SEN,2013,WJP Factor 2: Absence of Corruption,WJP_F2,0.48835424878569567
SRB,2012,WJP Factor 2: Absence of Corruption,WJP_F2,0.4237408717484531
SRB,2013,WJP Factor 2: Absence of Corruption,WJP_F2,0.4237408717484531
SLE,2012,WJP Factor 2: Absence of Corruption,WJP_F2,0.3614730159437346
SLE,2013,WJP Factor 2: Absence of Corruption,WJP_F2,0.3614730159437346
SGP,2012,WJP Factor 2: Absence of Corruption,WJP_F2,0.9082929120292382
SGP,2013,WJP Factor 2: Absence of Corruption,WJP_F2,0.9082929120292382
SVN,2012,WJP Factor 2: Absence of Corruption,WJP_F2,0.6205261978819303
SVN,2013,WJP Factor 2: Absence of Corruption,WJP_F2,0.6205261978819303
ZAF,2012,WJP Factor 2: Absence of Corruption,WJP_F2,0.4988975278620938
ZAF,2013,WJP Factor 2: Absence of Corruption,WJP_F2,0.4988975278620938
ESP,2012,WJP Factor 2: Absence of Corruption,WJP_F2,0.8009415211388249
ESP,2013,WJP Factor 2: Absence of Corruption,WJP_F2,0.8009415211388249
LKA,2012,WJP Factor 2: Absence of Corruption,WJP_F2,0.5095327575651021
LKA,2013,WJP Factor 2: Absence of Corruption,WJP_F2,0.5095327575651021
SWE,2012,WJP Factor 2: Absence of Corruption,WJP_F2,0.9564096107856281
SWE,2013,WJP Factor 2: Absence of Corruption,WJP_F2,0.9564096107856281
TZA,2012,WJP Factor 2: Absence of Corruption,WJP_F2,0.4060236499845927
TZA,2013,WJP Factor 2: Absence of Corruption,WJP_F2,0.4060236499845927
THA,2012,WJP Factor 2: Absence of Corruption,WJP_F2,0.40724171413512933
THA,2013,WJP Factor 2: Absence of Corruption,WJP_F2,0.40724171413512933
TUN,2012,WJP Factor 2: Absence of Corruption,WJP_F2,0.5186056692359796
TUN,2013,WJP Factor 2: Absence of Corruption,WJP_F2,0.5186056692359796
TUR,2012,WJP Factor 2: Absence of Corruption,WJP_F2,0.5520249077521141
TUR,2013,WJP Factor 2: Absence of Corruption,WJP_F2,0.5520249077521141
UGA,2012,WJP Factor 2: Absence of Corruption,WJP_F2,0.3217303251355873
UGA,2013,WJP Factor 2: Absence of Corruption,WJP_F2,0.3217303251355873
UKR,2012,WJP Factor 2: Absence of Corruption,WJP_F2,0.254948713361401
UKR,2013,WJP Factor 2: Absence of Corruption,WJP_F2,0.254948713361401
ARE,2012,WJP Factor 2: Absence of Corruption,WJP_F2,0.7444480814389585
ARE,2013,WJP Factor 2: Absence of Corruption,WJP_F2,0.7444480814389585
GBR,2012,WJP Factor 2: Absence of Corruption,WJP_F2,0.7983590599288041
GBR,2013,WJP Factor 2: Absence of Corruption,WJP_F2,0.7983590599288041
USA,2012,WJP Factor 2: Absence of Corruption,WJP_F2,0.7760388998971517
USA,2013,WJP Factor 2: Absence of Corruption,WJP_F2,0.7760388998971517
URY,2012,WJP Factor 2: Absence of Corruption,WJP_F2,0.7765330868352818
URY,2013,WJP Factor 2: Absence of Corruption,WJP_F2,0.7765330868352818
UZB,2012,WJP Factor 2: Absence of Corruption,WJP_F2,0.3001607896558689
UZB,2013,WJP Factor 2: Absence of Corruption,WJP_F2,0.3001607896558689
VEN,2012,WJP Factor 2: Absence of Corruption,WJP_F2,0.32318642085720856
VEN,2013,WJP Factor 2: Absence of Corruption,WJP_F2,0.32318642085720856
VNM,2012,WJP Factor 2: Absence of Corruption,WJP_F2,0.4298522648919531
VNM,2013,WJP Factor 2: Absence of Corruption,WJP_F2,0.4298522648919531
ZMB,2012,WJP Factor 2: Absence of Corruption,WJP_F2,0.43913105385104234
ZMB,2013,WJP Factor 2: Absence of Corruption,WJP_F2,0.43913105385104234
ZWE,2012,WJP Factor 2: Absence of Corruption,WJP_F2,0.263538732459098
ZWE,2013,WJP Factor 2: Absence of Corruption,WJP_F2,0.263538732459098
AFG,2014,WJP Factor 2: Absence of Corruption,WJP_F2,0.24085914343052245
ALB,2014,WJP Factor 2: Absence of Corruption,WJP_F2,0.34095256180841294
ARG,2014,WJP Factor 2: Absence of Corruption,WJP_F2,0.49228338645105035
AUS,2014,WJP Factor 2: Absence of Corruption,WJP_F2,0.861822585763431
AUT,2014,WJP Factor 2: Absence of Corruption,WJP_F2,0.8389086025563649
BGD,2014,WJP Factor 2: Absence of Corruption,WJP_F2,0.2723588594978693
BLR,2014,WJP Factor 2: Absence of Corruption,WJP_F2,0.5278785192106262
BEL,2014,WJP Factor 2: Absence of Corruption,WJP_F2,0.8140947599529356
BOL,2014,WJP Factor 2: Absence of Corruption,WJP_F2,0.3210050003472889
BIH,2014,WJP Factor 2: Absence of Corruption,WJP_F2,0.45346670895273417
BWA,2014,WJP Factor 2: Absence of Corruption,WJP_F2,0.7277045760753994
BRA,2014,WJP Factor 2: Absence of Corruption,WJP_F2,0.4965415304793395
BGR,2014,WJP Factor 2: Absence of Corruption,WJP_F2,0.42767387543727364
BFA,2014,WJP Factor 2: Absence of Corruption,WJP_F2,0.45484622552446724
KHM,2014,WJP Factor 2: Absence of Corruption,WJP_F2,0.3258290622956046
CMR,2014,WJP Factor 2: Absence of Corruption,WJP_F2,0.26101580172639743
CAN,2014,WJP Factor 2: Absence of Corruption,WJP_F2,0.8053546926768502
CHL,2014,WJP Factor 2: Absence of Corruption,WJP_F2,0.7297591973460961
CHN,2014,WJP Factor 2: Absence of Corruption,WJP_F2,0.47930179742367146
COL,2014,WJP Factor 2: Absence of Corruption,WJP_F2,0.4302787716485935
CIV,2014,WJP Factor 2: Absence of Corruption,WJP_F2,0.40584462276478556
HRV,2014,WJP Factor 2: Absence of Corruption,WJP_F2,0.5418625840397018
CZE,2014,WJP Factor 2: Absence of Corruption,WJP_F2,0.6016935752939928
DNK,2014,WJP Factor 2: Absence of Corruption,WJP_F2,0.960238781571789
DOM,2014,WJP Factor 2: Absence of Corruption,WJP_F2,0.3704835566712909
ECU,2014,WJP Factor 2: Absence of Corruption,WJP_F2,0.46645923120116567
EGY,2014,WJP Factor 2: Absence of Corruption,WJP_F2,0.4615404702266818
SLV,2014,WJP Factor 2: Absence of Corruption,WJP_F2,0.45991230713264025
EST,2014,WJP Factor 2: Absence of Corruption,WJP_F2,0.7842215200740914
ETH,2014,WJP Factor 2: Absence of Corruption,WJP_F2,0.4491438887387699
FIN,2014,WJP Factor 2: Absence of Corruption,WJP_F2,0.8986892697438537
FRA,2014,WJP Factor 2: Absence of Corruption,WJP_F2,0.7785168685285742
GEO,2014,WJP Factor 2: Absence of Corruption,WJP_F2,0.7137607291183252
DEU,2014,WJP Factor 2: Absence of Corruption,WJP_F2,0.8280796651098242
GHA,2014,WJP Factor 2: Absence of Corruption,WJP_F2,0.44292192090469124
GRC,2014,WJP Factor 2: Absence of Corruption,WJP_F2,0.561890536174564
GTM,2014,WJP Factor 2: Absence of Corruption,WJP_F2,0.3728505698019457
HKG,2014,WJP Factor 2: Absence of Corruption,WJP_F2,0.8480758265721648
HUN,2014,WJP Factor 2: Absence of Corruption,WJP_F2,0.6405742009797548
IND,2014,WJP Factor 2: Absence of Corruption,WJP_F2,0.38593362512493246
IDN,2014,WJP Factor 2: Absence of Corruption,WJP_F2,0.35502836841647833
IRN,2014,WJP Factor 2: Absence of Corruption,WJP_F2,0.5032942888156284
ITA,2014,WJP Factor 2: Absence of Corruption,WJP_F2,0.602407410485002
JAM,2014,WJP Factor 2: Absence of Corruption,WJP_F2,0.4791824918512943
JPN,2014,WJP Factor 2: Absence of Corruption,WJP_F2,0.8356496382174544
JOR,2014,WJP Factor 2: Absence of Corruption,WJP_F2,0.5710299887189771
KAZ,2014,WJP Factor 2: Absence of Corruption,WJP_F2,0.4314898315905964
KEN,2014,WJP Factor 2: Absence of Corruption,WJP_F2,0.27949712059879717
KOR,2014,WJP Factor 2: Absence of Corruption,WJP_F2,0.7937649686782342
KGZ,2014,WJP Factor 2: Absence of Corruption,WJP_F2,0.26916136123002365
LBN,2014,WJP Factor 2: Absence of Corruption,WJP_F2,0.399926620985532
LBR,2014,WJP Factor 2: Absence of Corruption,WJP_F2,0.3375321111606947
MDG,2014,WJP Factor 2: Absence of Corruption,WJP_F2,0.33798060755323367
MWI,2014,WJP Factor 2: Absence of Corruption,WJP_F2,0.4266591779339804
MYS,2014,WJP Factor 2: Absence of Corruption,WJP_F2,0.6417353165646666
MEX,2014,WJP Factor 2: Absence of Corruption,WJP_F2,0.36824937983114464
MDA,2014,WJP Factor 2: Absence of Corruption,WJP_F2,0.3166304249703751
MNG,2014,WJP Factor 2: Absence of Corruption,WJP_F2,0.39266021190177103
MAR,2014,WJP Factor 2: Absence of Corruption,WJP_F2,0.42970155782226716
MMR,2014,WJP Factor 2: Absence of Corruption,WJP_F2,0.4289052334908467
NPL,2014,WJP Factor 2: Absence of Corruption,WJP_F2,0.3818538085845404
NLD,2014,WJP Factor 2: Absence of Corruption,WJP_F2,0.8830786853813781
NZL,2014,WJP Factor 2: Absence of Corruption,WJP_F2,0.914379204662864
NIC,2014,WJP Factor 2: Absence of Corruption,WJP_F2,0.3790108578678355
NGA,2014,WJP Factor 2: Absence of Corruption,WJP_F2,0.26427210819074454
MKD,2014,WJP Factor 2: Absence of Corruption,WJP_F2,0.5345910773518138
NOR,2014,WJP Factor 2: Absence of Corruption,WJP_F2,0.9383001652258475
PAK,2014,WJP Factor 2: Absence of Corruption,WJP_F2,0.2923779608854421
PAN,2014,WJP Factor 2: Absence of Corruption,WJP_F2,0.4437057968227219
PER,2014,WJP Factor 2: Absence of Corruption,WJP_F2,0.3590432639430197
PHL,2014,WJP Factor 2: Absence of Corruption,WJP_F2,0.4969392130512457
POL,2014,WJP Factor 2: Absence of Corruption,WJP_F2,0.657816619544203
PRT,2014,WJP Factor 2: Absence of Corruption,WJP_F2,0.6851436635537739
ROU,2014,WJP Factor 2: Absence of Corruption,WJP_F2,0.5035416397164298
RUS,2014,WJP Factor 2: Absence of Corruption,WJP_F2,0.4247191063079075
SEN,2014,WJP Factor 2: Absence of Corruption,WJP_F2,0.4807319587158736
SRB,2014,WJP Factor 2: Absence of Corruption,WJP_F2,0.41294593061309937
SLE,2014,WJP Factor 2: Absence of Corruption,WJP_F2,0.3463756132144993
SGP,2014,WJP Factor 2: Absence of Corruption,WJP_F2,0.9013765259278255
SVN,2014,WJP Factor 2: Absence of Corruption,WJP_F2,0.6014350974518261
ZAF,2014,WJP Factor 2: Absence of Corruption,WJP_F2,0.49436397761981876
ESP,2014,WJP Factor 2: Absence of Corruption,WJP_F2,0.6931227122372463
LKA,2014,WJP Factor 2: Absence of Corruption,WJP_F2,0.5265404693507337
SWE,2014,WJP Factor 2: Absence of Corruption,WJP_F2,0.9115992514501414
TZA,2014,WJP Factor 2: Absence of Corruption,WJP_F2,0.3806122903580772
THA,2014,WJP Factor 2: Absence of Corruption,WJP_F2,0.5097002577233438
TUN,2014,WJP Factor 2: Absence of Corruption,WJP_F2,0.5019504084996118
TUR,2014,WJP Factor 2: Absence of Corruption,WJP_F2,0.5491660711018239
UGA,2014,WJP Factor 2: Absence of Corruption,WJP_F2,0.2972887697642632
UKR,2014,WJP Factor 2: Absence of Corruption,WJP_F2,0.27824988392841427
ARE,2014,WJP Factor 2: Absence of Corruption,WJP_F2,0.7916110972074824
GBR,2014,WJP Factor 2: Absence of Corruption,WJP_F2,0.804302102181758
USA,2014,WJP Factor 2: Absence of Corruption,WJP_F2,0.753947709060232
URY,2014,WJP Factor 2: Absence of Corruption,WJP_F2,0.7835450923617574
UZB,2014,WJP Factor 2: Absence of Corruption,WJP_F2,0.34915533972633234
VEN,2014,WJP Factor 2: Absence of Corruption,WJP_F2,0.29688650758587704
VNM,2014,WJP Factor 2: Absence of Corruption,WJP_F2,0.4397014916513071
ZMB,2014,WJP Factor 2: Absence of Corruption,WJP_F2,0.4107205366034753
ZWE,2014,WJP Factor 2: Absence of Corruption,WJP_F2,0.2814869726024803
AFG,2015,WJP Factor 2: Absence of Corruption,WJP_F2,0.2338007830305662
ALB,2015,WJP Factor 2: Absence of Corruption,WJP_F2,0.3661348548040528
ARG,2015,WJP Factor 2: Absence of Corruption,WJP_F2,0.4929212129796698
AUS,2015,WJP Factor 2: Absence of Corruption,WJP_F2,0.8486818486438992
AUT,2015,WJP Factor 2: Absence of Corruption,WJP_F2,0.8370635766589509
BGD,2015,WJP Factor 2: Absence of Corruption,WJP_F2,0.2631694981891098
BLR,2015,WJP Factor 2: Absence of Corruption,WJP_F2,0.5330049898280991
BEL,2015,WJP Factor 2: Absence of Corruption,WJP_F2,0.818792313851575
BLZ,2015,WJP Factor 2: Absence of Corruption,WJP_F2,0.4902311867618824
BOL,2015,WJP Factor 2: Absence of Corruption,WJP_F2,0.32333227914381735
BIH,2015,WJP Factor 2: Absence of Corruption,WJP_F2,0.44889936492738597
BWA,2015,WJP Factor 2: Absence of Corruption,WJP_F2,0.6566411962944457
BRA,2015,WJP Factor 2: Absence of Corruption,WJP_F2,0.47863348924696686
BGR,2015,WJP Factor 2: Absence of Corruption,WJP_F2,0.41252446778158697
BFA,2015,WJP Factor 2: Absence of Corruption,WJP_F2,0.3875787090580697
KHM,2015,WJP Factor 2: Absence of Corruption,WJP_F2,0.2693798858175691
CMR,2015,WJP Factor 2: Absence of Corruption,WJP_F2,0.24646029444582884
CAN,2015,WJP Factor 2: Absence of Corruption,WJP_F2,0.8222933345510302
CHL,2015,WJP Factor 2: Absence of Corruption,WJP_F2,0.7363723809788607
CHN,2015,WJP Factor 2: Absence of Corruption,WJP_F2,0.5377739337102552
COL,2015,WJP Factor 2: Absence of Corruption,WJP_F2,0.4322602136511463
CRI,2015,WJP Factor 2: Absence of Corruption,WJP_F2,0.6948915886259339
CIV,2015,WJP Factor 2: Absence of Corruption,WJP_F2,0.415012915509111
HRV,2015,WJP Factor 2: Absence of Corruption,WJP_F2,0.5598593029549697
CZE,2015,WJP Factor 2: Absence of Corruption,WJP_F2,0.6799506389508696
DNK,2015,WJP Factor 2: Absence of Corruption,WJP_F2,0.9589478707644978
DOM,2015,WJP Factor 2: Absence of Corruption,WJP_F2,0.37377585341802616
ECU,2015,WJP Factor 2: Absence of Corruption,WJP_F2,0.4628739429604556
EGY,2015,WJP Factor 2: Absence of Corruption,WJP_F2,0.45654174431366823
SLV,2015,WJP Factor 2: Absence of Corruption,WJP_F2,0.43518401542235713
EST,2015,WJP Factor 2: Absence of Corruption,WJP_F2,0.7821470514677695
ETH,2015,WJP Factor 2: Absence of Corruption,WJP_F2,0.4683388870507545
FIN,2015,WJP Factor 2: Absence of Corruption,WJP_F2,0.906817514839508
FRA,2015,WJP Factor 2: Absence of Corruption,WJP_F2,0.7627983454051741
GEO,2015,WJP Factor 2: Absence of Corruption,WJP_F2,0.7615505900940092
DEU,2015,WJP Factor 2: Absence of Corruption,WJP_F2,0.8306659287815014
GHA,2015,WJP Factor 2: Absence of Corruption,WJP_F2,0.43740895412397834
GRC,2015,WJP Factor 2: Absence of Corruption,WJP_F2,0.5631106118684162
GTM,2015,WJP Factor 2: Absence of Corruption,WJP_F2,0.35256432651029257
HND,2015,WJP Factor 2: Absence of Corruption,WJP_F2,0.3510260445301783
HKG,2015,WJP Factor 2: Absence of Corruption,WJP_F2,0.8535571037064701
HUN,2015,WJP Factor 2: Absence of Corruption,WJP_F2,0.5030772856252954
IND,2015,WJP Factor 2: Absence of Corruption,WJP_F2,0.4056470294680414
IDN,2015,WJP Factor 2: Absence of Corruption,WJP_F2,0.3639635302910694
IRN,2015,WJP Factor 2: Absence of Corruption,WJP_F2,0.4494989100900702
ITA,2015,WJP Factor 2: Absence of Corruption,WJP_F2,0.6079930745367125
JAM,2015,WJP Factor 2: Absence of Corruption,WJP_F2,0.5570604937386631
JPN,2015,WJP Factor 2: Absence of Corruption,WJP_F2,0.868583911837513
JOR,2015,WJP Factor 2: Absence of Corruption,WJP_F2,0.5949825292958656
KAZ,2015,WJP Factor 2: Absence of Corruption,WJP_F2,0.45287294800450223
KEN,2015,WJP Factor 2: Absence of Corruption,WJP_F2,0.27985096291885186
KOR,2015,WJP Factor 2: Absence of Corruption,WJP_F2,0.8213216279064633
KGZ,2015,WJP Factor 2: Absence of Corruption,WJP_F2,0.2988508394146161
LBN,2015,WJP Factor 2: Absence of Corruption,WJP_F2,0.37967818450002555
LBR,2015,WJP Factor 2: Absence of Corruption,WJP_F2,0.28620600921029654
MDG,2015,WJP Factor 2: Absence of Corruption,WJP_F2,0.355556974487892
MWI,2015,WJP Factor 2: Absence of Corruption,WJP_F2,0.357208654871733
MYS,2015,WJP Factor 2: Absence of Corruption,WJP_F2,0.6446878635636051
MEX,2015,WJP Factor 2: Absence of Corruption,WJP_F2,0.341029043442076
MDA,2015,WJP Factor 2: Absence of Corruption,WJP_F2,0.2983973254605937
MNG,2015,WJP Factor 2: Absence of Corruption,WJP_F2,0.42647513604144427
MAR,2015,WJP Factor 2: Absence of Corruption,WJP_F2,0.5041621753526706
MMR,2015,WJP Factor 2: Absence of Corruption,WJP_F2,0.4291967151780504
NPL,2015,WJP Factor 2: Absence of Corruption,WJP_F2,0.39210804975549673
NLD,2015,WJP Factor 2: Absence of Corruption,WJP_F2,0.8898124590179988
NZL,2015,WJP Factor 2: Absence of Corruption,WJP_F2,0.9038017859840959
NIC,2015,WJP Factor 2: Absence of Corruption,WJP_F2,0.3833402625437264
NGA,2015,WJP Factor 2: Absence of Corruption,WJP_F2,0.2779487089774973
MKD,2015,WJP Factor 2: Absence of Corruption,WJP_F2,0.5467120614043345
NOR,2015,WJP Factor 2: Absence of Corruption,WJP_F2,0.9365025685896357
PAK,2015,WJP Factor 2: Absence of Corruption,WJP_F2,0.35254059661576315
PAN,2015,WJP Factor 2: Absence of Corruption,WJP_F2,0.5130175219700014
PER,2015,WJP Factor 2: Absence of Corruption,WJP_F2,0.3578025406070347
PHL,2015,WJP Factor 2: Absence of Corruption,WJP_F2,0.4818749854725006
POL,2015,WJP Factor 2: Absence of Corruption,WJP_F2,0.6665942283612903
PRT,2015,WJP Factor 2: Absence of Corruption,WJP_F2,0.7301480285374544
ROU,2015,WJP Factor 2: Absence of Corruption,WJP_F2,0.5323261224301575
RUS,2015,WJP Factor 2: Absence of Corruption,WJP_F2,0.45431702378780103
SEN,2015,WJP Factor 2: Absence of Corruption,WJP_F2,0.5442302901158425
SRB,2015,WJP Factor 2: Absence of Corruption,WJP_F2,0.42109535226241945
SLE,2015,WJP Factor 2: Absence of Corruption,WJP_F2,0.3042534519025766
SGP,2015,WJP Factor 2: Absence of Corruption,WJP_F2,0.9321591772581137
SVN,2015,WJP Factor 2: Absence of Corruption,WJP_F2,0.6020973714124517
ZAF,2015,WJP Factor 2: Absence of Corruption,WJP_F2,0.5143332496891533
ESP,2015,WJP Factor 2: Absence of Corruption,WJP_F2,0.7072938660925147
LKA,2015,WJP Factor 2: Absence of Corruption,WJP_F2,0.47401712533974427
SWE,2015,WJP Factor 2: Absence of Corruption,WJP_F2,0.9124388164220385
TZA,2015,WJP Factor 2: Absence of Corruption,WJP_F2,0.37872297620183554
THA,2015,WJP Factor 2: Absence of Corruption,WJP_F2,0.5351665247522026
TUN,2015,WJP Factor 2: Absence of Corruption,WJP_F2,0.5071249597725306
TUR,2015,WJP Factor 2: Absence of Corruption,WJP_F2,0.5095884860474901
UGA,2015,WJP Factor 2: Absence of Corruption,WJP_F2,0.25206842278509634
UKR,2015,WJP Factor 2: Absence of Corruption,WJP_F2,0.3559717886728916
ARE,2015,WJP Factor 2: Absence of Corruption,WJP_F2,0.8088684839951389
GBR,2015,WJP Factor 2: Absence of Corruption,WJP_F2,0.8227363103551182
USA,2015,WJP Factor 2: Absence of Corruption,WJP_F2,0.7624157288624889
URY,2015,WJP Factor 2: Absence of Corruption,WJP_F2,0.8012789261743491
UZB,2015,WJP Factor 2: Absence of Corruption,WJP_F2,0.341728246300417
VEN,2015,WJP Factor 2: Absence of Corruption,WJP_F2,0.2825808370963612
VNM,2015,WJP Factor 2: Absence of Corruption,WJP_F2,0.46984532784905353
ZMB,2015,WJP Factor 2: Absence of Corruption,WJP_F2,0.4136567004223036
ZWE,2015,WJP Factor 2: Absence of Corruption,WJP_F2,0.28594855143644876
AFG,2016,WJP Factor 2: Absence of Corruption,WJP_F2,0.24210847889770534
ALB,2016,WJP Factor 2: Absence of Corruption,WJP_F2,0.33974795483495923
ATG,2016,WJP Factor 2: Absence of Corruption,WJP_F2,0.6507544685566301
ARG,2016,WJP Factor 2: Absence of Corruption,WJP_F2,0.5214833486851713
AUS,2016,WJP Factor 2: Absence of Corruption,WJP_F2,0.8315888116915061
AUT,2016,WJP Factor 2: Absence of Corruption,WJP_F2,0.8461611889351823
BGD,2016,WJP Factor 2: Absence of Corruption,WJP_F2,0.33519247687653053
BRB,2016,WJP Factor 2: Absence of Corruption,WJP_F2,0.7016697102254164
BLR,2016,WJP Factor 2: Absence of Corruption,WJP_F2,0.5466803346219629
BEL,2016,WJP Factor 2: Absence of Corruption,WJP_F2,0.7893105973105107
BLZ,2016,WJP Factor 2: Absence of Corruption,WJP_F2,0.4912301096712842
BOL,2016,WJP Factor 2: Absence of Corruption,WJP_F2,0.27865450391940855
BIH,2016,WJP Factor 2: Absence of Corruption,WJP_F2,0.44398753556229487
BWA,2016,WJP Factor 2: Absence of Corruption,WJP_F2,0.6267530135786407
BRA,2016,WJP Factor 2: Absence of Corruption,WJP_F2,0.47267741596423746
BGR,2016,WJP Factor 2: Absence of Corruption,WJP_F2,0.42673064967139346
BFA,2016,WJP Factor 2: Absence of Corruption,WJP_F2,0.39097659629857834
KHM,2016,WJP Factor 2: Absence of Corruption,WJP_F2,0.24364174030385444
CMR,2016,WJP Factor 2: Absence of Corruption,WJP_F2,0.24047863153672078
CAN,2016,WJP Factor 2: Absence of Corruption,WJP_F2,0.8384181935473441
CHL,2016,WJP Factor 2: Absence of Corruption,WJP_F2,0.7195779714102546
CHN,2016,WJP Factor 2: Absence of Corruption,WJP_F2,0.5362282166677743
COL,2016,WJP Factor 2: Absence of Corruption,WJP_F2,0.41603917741229185
CRI,2016,WJP Factor 2: Absence of Corruption,WJP_F2,0.7052449305631943
CIV,2016,WJP Factor 2: Absence of Corruption,WJP_F2,0.3978563083541742
HRV,2016,WJP Factor 2: Absence of Corruption,WJP_F2,0.5894731155857729
CZE,2016,WJP Factor 2: Absence of Corruption,WJP_F2,0.6938700324164514
DNK,2016,WJP Factor 2: Absence of Corruption,WJP_F2,0.9632586390191767
DMA,2016,WJP Factor 2: Absence of Corruption,WJP_F2,0.6509997132933143
DOM,2016,WJP Factor 2: Absence of Corruption,WJP_F2,0.36230991323931183
ECU,2016,WJP Factor 2: Absence of Corruption,WJP_F2,0.43482847246787354
EGY,2016,WJP Factor 2: Absence of Corruption,WJP_F2,0.4294099998757294
SLV,2016,WJP Factor 2: Absence of Corruption,WJP_F2,0.43328995595374337
EST,2016,WJP Factor 2: Absence of Corruption,WJP_F2,0.7840267465027235
ETH,2016,WJP Factor 2: Absence of Corruption,WJP_F2,0.4460326918320734
FIN,2016,WJP Factor 2: Absence of Corruption,WJP_F2,0.9189016644027639
FRA,2016,WJP Factor 2: Absence of Corruption,WJP_F2,0.7558491748328513
GEO,2016,WJP Factor 2: Absence of Corruption,WJP_F2,0.7520407366113286
DEU,2016,WJP Factor 2: Absence of Corruption,WJP_F2,0.8371952796928243
GHA,2016,WJP Factor 2: Absence of Corruption,WJP_F2,0.4020189854500902
GRC,2016,WJP Factor 2: Absence of Corruption,WJP_F2,0.5684995633562053
GRD,2016,WJP Factor 2: Absence of Corruption,WJP_F2,0.6829165869747361
GTM,2016,WJP Factor 2: Absence of Corruption,WJP_F2,0.3568726681070973
GUY,2016,WJP Factor 2: Absence of Corruption,WJP_F2,0.46917922176449056
HND,2016,WJP Factor 2: Absence of Corruption,WJP_F2,0.36200236078882014
HKG,2016,WJP Factor 2: Absence of Corruption,WJP_F2,0.8596581721258929
HUN,2016,WJP Factor 2: Absence of Corruption,WJP_F2,0.5138743006523072
IND,2016,WJP Factor 2: Absence of Corruption,WJP_F2,0.4401150045163189
IDN,2016,WJP Factor 2: Absence of Corruption,WJP_F2,0.37459464790202457
IRN,2016,WJP Factor 2: Absence of Corruption,WJP_F2,0.503714848159051
ITA,2016,WJP Factor 2: Absence of Corruption,WJP_F2,0.6179446111244169
JAM,2016,WJP Factor 2: Absence of Corruption,WJP_F2,0.5636631701582702
JPN,2016,WJP Factor 2: Absence of Corruption,WJP_F2,0.8316405474978745
JOR,2016,WJP Factor 2: Absence of Corruption,WJP_F2,0.6692271614830827
KAZ,2016,WJP Factor 2: Absence of Corruption,WJP_F2,0.4433194921611857
KEN,2016,WJP Factor 2: Absence of Corruption,WJP_F2,0.27091942577242967
KOR,2016,WJP Factor 2: Absence of Corruption,WJP_F2,0.6669762946004474
KGZ,2016,WJP Factor 2: Absence of Corruption,WJP_F2,0.288095382201055
LBN,2016,WJP Factor 2: Absence of Corruption,WJP_F2,0.38153239448141874
LBR,2016,WJP Factor 2: Absence of Corruption,WJP_F2,0.26978934486978806
MDG,2016,WJP Factor 2: Absence of Corruption,WJP_F2,0.307899362282947
MWI,2016,WJP Factor 2: Absence of Corruption,WJP_F2,0.3563800407273004
MYS,2016,WJP Factor 2: Absence of Corruption,WJP_F2,0.634784709658516
MEX,2016,WJP Factor 2: Absence of Corruption,WJP_F2,0.33361657285546054
MDA,2016,WJP Factor 2: Absence of Corruption,WJP_F2,0.3011698571248368
MNG,2016,WJP Factor 2: Absence of Corruption,WJP_F2,0.4139119274308922
MAR,2016,WJP Factor 2: Absence of Corruption,WJP_F2,0.5509259267854286
MMR,2016,WJP Factor 2: Absence of Corruption,WJP_F2,0.44585310607029494
NPL,2016,WJP Factor 2: Absence of Corruption,WJP_F2,0.3906197715803088
NLD,2016,WJP Factor 2: Absence of Corruption,WJP_F2,0.8813594041328378
NZL,2016,WJP Factor 2: Absence of Corruption,WJP_F2,0.9030010748820249
NIC,2016,WJP Factor 2: Absence of Corruption,WJP_F2,0.38277844830463725
NGA,2016,WJP Factor 2: Absence of Corruption,WJP_F2,0.3009790838310613
MKD,2016,WJP Factor 2: Absence of Corruption,WJP_F2,0.5280116167982583
NOR,2016,WJP Factor 2: Absence of Corruption,WJP_F2,0.9246174799939555
PAK,2016,WJP Factor 2: Absence of Corruption,WJP_F2,0.3319431291533811
PAN,2016,WJP Factor 2: Absence of Corruption,WJP_F2,0.47392267059757515
PER,2016,WJP Factor 2: Absence of Corruption,WJP_F2,0.37377761049645236
PHL,2016,WJP Factor 2: Absence of Corruption,WJP_F2,0.47782000891867676
POL,2016,WJP Factor 2: Absence of Corruption,WJP_F2,0.7443815902098254
PRT,2016,WJP Factor 2: Absence of Corruption,WJP_F2,0.73559439444171
ROU,2016,WJP Factor 2: Absence of Corruption,WJP_F2,0.5723600977925636
RUS,2016,WJP Factor 2: Absence of Corruption,WJP_F2,0.42449040248867703
SEN,2016,WJP Factor 2: Absence of Corruption,WJP_F2,0.5540925531360188
SRB,2016,WJP Factor 2: Absence of Corruption,WJP_F2,0.41708851224742727
SLE,2016,WJP Factor 2: Absence of Corruption,WJP_F2,0.31002780965277366
SGP,2016,WJP Factor 2: Absence of Corruption,WJP_F2,0.9303876658370355
SVN,2016,WJP Factor 2: Absence of Corruption,WJP_F2,0.607958852107235
ZAF,2016,WJP Factor 2: Absence of Corruption,WJP_F2,0.5522821839102758
ESP,2016,WJP Factor 2: Absence of Corruption,WJP_F2,0.707007291969903
LKA,2016,WJP Factor 2: Absence of Corruption,WJP_F2,0.4630217006325924
KNA,2016,WJP Factor 2: Absence of Corruption,WJP_F2,0.6862220193193298
LCA,2016,WJP Factor 2: Absence of Corruption,WJP_F2,0.6996271258547571
VCT,2016,WJP Factor 2: Absence of Corruption,WJP_F2,0.6820706526884115
SUR,2016,WJP Factor 2: Absence of Corruption,WJP_F2,0.5622876367332407
SWE,2016,WJP Factor 2: Absence of Corruption,WJP_F2,0.9142463376916542
TZA,2016,WJP Factor 2: Absence of Corruption,WJP_F2,0.39862297915020384
THA,2016,WJP Factor 2: Absence of Corruption,WJP_F2,0.48455347153986394
BHS,2016,WJP Factor 2: Absence of Corruption,WJP_F2,0.659507632240811
TTO,2016,WJP Factor 2: Absence of Corruption,WJP_F2,0.5325979816820603
TUN,2016,WJP Factor 2: Absence of Corruption,WJP_F2,0.47526913232727935
TUR,2016,WJP Factor 2: Absence of Corruption,WJP_F2,0.5039389131478825
UGA,2016,WJP Factor 2: Absence of Corruption,WJP_F2,0.2544702648683999
UKR,2016,WJP Factor 2: Absence of Corruption,WJP_F2,0.37277382648314206
ARE,2016,WJP Factor 2: Absence of Corruption,WJP_F2,0.78753470076772
GBR,2016,WJP Factor 2: Absence of Corruption,WJP_F2,0.8262517125336588
USA,2016,WJP Factor 2: Absence of Corruption,WJP_F2,0.7385914533897171
URY,2016,WJP Factor 2: Absence of Corruption,WJP_F2,0.7821657417093705
UZB,2016,WJP Factor 2: Absence of Corruption,WJP_F2,0.3257410358991898
VEN,2016,WJP Factor 2: Absence of Corruption,WJP_F2,0.25899317682133466
VNM,2016,WJP Factor 2: Absence of Corruption,WJP_F2,0.46188296487297786
ZMB,2016,WJP Factor 2: Absence of Corruption,WJP_F2,0.4074685178449958
ZWE,2016,WJP Factor 2: Absence of Corruption,WJP_F2,0.2943182019386528
AFG,2017,WJP Factor 2: Absence of Corruption,WJP_F2,0.26786325
AFG,2018,WJP Factor 2: Absence of Corruption,WJP_F2,0.26786325
ALB,2017,WJP Factor 2: Absence of Corruption,WJP_F2,0.34853325
ALB,2018,WJP Factor 2: Absence of Corruption,WJP_F2,0.34853325
ATG,2017,WJP Factor 2: Absence of Corruption,WJP_F2,0.60015025
ATG,2018,WJP Factor 2: Absence of Corruption,WJP_F2,0.60015025
ARG,2017,WJP Factor 2: Absence of Corruption,WJP_F2,0.53034375
ARG,2018,WJP Factor 2: Absence of Corruption,WJP_F2,0.53034375
AUS,2017,WJP Factor 2: Absence of Corruption,WJP_F2,0.82615275
AUS,2018,WJP Factor 2: Absence of Corruption,WJP_F2,0.82615275
AUT,2017,WJP Factor 2: Absence of Corruption,WJP_F2,0.83821225
AUT,2018,WJP Factor 2: Absence of Corruption,WJP_F2,0.83821225
BGD,2017,WJP Factor 2: Absence of Corruption,WJP_F2,0.35371149999999996
BGD,2018,WJP Factor 2: Absence of Corruption,WJP_F2,0.35371149999999996
BRB,2017,WJP Factor 2: Absence of Corruption,WJP_F2,0.6768242500000001
BRB,2018,WJP Factor 2: Absence of Corruption,WJP_F2,0.6768242500000001
BLR,2017,WJP Factor 2: Absence of Corruption,WJP_F2,0.54178625
BLR,2018,WJP Factor 2: Absence of Corruption,WJP_F2,0.54178625
BEL,2017,WJP Factor 2: Absence of Corruption,WJP_F2,0.7798545000000001
BEL,2018,WJP Factor 2: Absence of Corruption,WJP_F2,0.7798545000000001
BLZ,2017,WJP Factor 2: Absence of Corruption,WJP_F2,0.4362455
BLZ,2018,WJP Factor 2: Absence of Corruption,WJP_F2,0.4362455
BOL,2017,WJP Factor 2: Absence of Corruption,WJP_F2,0.2594545
BOL,2018,WJP Factor 2: Absence of Corruption,WJP_F2,0.2594545
BIH,2017,WJP Factor 2: Absence of Corruption,WJP_F2,0.4327085
BIH,2018,WJP Factor 2: Absence of Corruption,WJP_F2,0.4327085
BWA,2017,WJP Factor 2: Absence of Corruption,WJP_F2,0.6239629999999999
BWA,2018,WJP Factor 2: Absence of Corruption,WJP_F2,0.6239629999999999
BRA,2017,WJP Factor 2: Absence of Corruption,WJP_F2,0.46465525
BRA,2018,WJP Factor 2: Absence of Corruption,WJP_F2,0.46465525
BGR,2017,WJP Factor 2: Absence of Corruption,WJP_F2,0.41271549999999996
BGR,2018,WJP Factor 2: Absence of Corruption,WJP_F2,0.41271549999999996
BFA,2017,WJP Factor 2: Absence of Corruption,WJP_F2,0.439422
BFA,2018,WJP Factor 2: Absence of Corruption,WJP_F2,0.439422
KHM,2017,WJP Factor 2: Absence of Corruption,WJP_F2,0.24770825000000002
KHM,2018,WJP Factor 2: Absence of Corruption,WJP_F2,0.24770825000000002
CMR,2017,WJP Factor 2: Absence of Corruption,WJP_F2,0.25096124999999997
CMR,2018,WJP Factor 2: Absence of Corruption,WJP_F2,0.25096124999999997
CAN,2017,WJP Factor 2: Absence of Corruption,WJP_F2,0.832935
CAN,2018,WJP Factor 2: Absence of Corruption,WJP_F2,0.832935
CHL,2017,WJP Factor 2: Absence of Corruption,WJP_F2,0.68546925
CHL,2018,WJP Factor 2: Absence of Corruption,WJP_F2,0.68546925
CHN,2017,WJP Factor 2: Absence of Corruption,WJP_F2,0.5468127500000001
CHN,2018,WJP Factor 2: Absence of Corruption,WJP_F2,0.5468127500000001
COL,2017,WJP Factor 2: Absence of Corruption,WJP_F2,0.40650349999999996
COL,2018,WJP Factor 2: Absence of Corruption,WJP_F2,0.40650349999999996
CRI,2017,WJP Factor 2: Absence of Corruption,WJP_F2,0.6786475000000001
CRI,2018,WJP Factor 2: Absence of Corruption,WJP_F2,0.6786475000000001
CIV,2017,WJP Factor 2: Absence of Corruption,WJP_F2,0.39514875000000005
CIV,2018,WJP Factor 2: Absence of Corruption,WJP_F2,0.39514875000000005
HRV,2017,WJP Factor 2: Absence of Corruption,WJP_F2,0.5950057499999999
HRV,2018,WJP Factor 2: Absence of Corruption,WJP_F2,0.5950057499999999
CZE,2017,WJP Factor 2: Absence of Corruption,WJP_F2,0.6548455
CZE,2018,WJP Factor 2: Absence of Corruption,WJP_F2,0.6548455
DNK,2017,WJP Factor 2: Absence of Corruption,WJP_F2,0.95178125
DNK,2018,WJP Factor 2: Absence of Corruption,WJP_F2,0.95178125
DMA,2017,WJP Factor 2: Absence of Corruption,WJP_F2,0.64577575
DMA,2018,WJP Factor 2: Absence of Corruption,WJP_F2,0.64577575
DOM,2017,WJP Factor 2: Absence of Corruption,WJP_F2,0.36901325
DOM,2018,WJP Factor 2: Absence of Corruption,WJP_F2,0.36901325
ECU,2017,WJP Factor 2: Absence of Corruption,WJP_F2,0.41926074999999996
ECU,2018,WJP Factor 2: Absence of Corruption,WJP_F2,0.41926074999999996
EGY,2017,WJP Factor 2: Absence of Corruption,WJP_F2,0.39865325
EGY,2018,WJP Factor 2: Absence of Corruption,WJP_F2,0.39865325
SLV,2017,WJP Factor 2: Absence of Corruption,WJP_F2,0.42493549999999997
SLV,2018,WJP Factor 2: Absence of Corruption,WJP_F2,0.42493549999999997
EST,2017,WJP Factor 2: Absence of Corruption,WJP_F2,0.7890325
EST,2018,WJP Factor 2: Absence of Corruption,WJP_F2,0.7890325
ETH,2017,WJP Factor 2: Absence of Corruption,WJP_F2,0.4572545
ETH,2018,WJP Factor 2: Absence of Corruption,WJP_F2,0.4572545
FIN,2017,WJP Factor 2: Absence of Corruption,WJP_F2,0.8910502499999999
FIN,2018,WJP Factor 2: Absence of Corruption,WJP_F2,0.8910502499999999
FRA,2017,WJP Factor 2: Absence of Corruption,WJP_F2,0.7463655
FRA,2018,WJP Factor 2: Absence of Corruption,WJP_F2,0.7463655
GEO,2017,WJP Factor 2: Absence of Corruption,WJP_F2,0.711479
GEO,2018,WJP Factor 2: Absence of Corruption,WJP_F2,0.711479
DEU,2017,WJP Factor 2: Absence of Corruption,WJP_F2,0.825204
DEU,2018,WJP Factor 2: Absence of Corruption,WJP_F2,0.825204
GHA,2017,WJP Factor 2: Absence of Corruption,WJP_F2,0.41721375000000005
GHA,2018,WJP Factor 2: Absence of Corruption,WJP_F2,0.41721375000000005
GRC,2017,WJP Factor 2: Absence of Corruption,WJP_F2,0.55196325
GRC,2018,WJP Factor 2: Absence of Corruption,WJP_F2,0.55196325
GRD,2017,WJP Factor 2: Absence of Corruption,WJP_F2,0.6588557500000001
GRD,2018,WJP Factor 2: Absence of Corruption,WJP_F2,0.6588557500000001
GTM,2017,WJP Factor 2: Absence of Corruption,WJP_F2,0.35429925
GTM,2018,WJP Factor 2: Absence of Corruption,WJP_F2,0.35429925
GUY,2017,WJP Factor 2: Absence of Corruption,WJP_F2,0.46051699999999995
GUY,2018,WJP Factor 2: Absence of Corruption,WJP_F2,0.46051699999999995
HND,2017,WJP Factor 2: Absence of Corruption,WJP_F2,0.34113475
HND,2018,WJP Factor 2: Absence of Corruption,WJP_F2,0.34113475
HKG,2017,WJP Factor 2: Absence of Corruption,WJP_F2,0.8340462500000001
HKG,2018,WJP Factor 2: Absence of Corruption,WJP_F2,0.8340462500000001
HUN,2017,WJP Factor 2: Absence of Corruption,WJP_F2,0.50834475
HUN,2018,WJP Factor 2: Absence of Corruption,WJP_F2,0.50834475
IND,2017,WJP Factor 2: Absence of Corruption,WJP_F2,0.45278399999999996
IND,2018,WJP Factor 2: Absence of Corruption,WJP_F2,0.45278399999999996
IDN,2017,WJP Factor 2: Absence of Corruption,WJP_F2,0.37198824999999996
IDN,2018,WJP Factor 2: Absence of Corruption,WJP_F2,0.37198824999999996
IRN,2017,WJP Factor 2: Absence of Corruption,WJP_F2,0.5251100000000001
IRN,2018,WJP Factor 2: Absence of Corruption,WJP_F2,0.5251100000000001
ITA,2017,WJP Factor 2: Absence of Corruption,WJP_F2,0.62345925
ITA,2018,WJP Factor 2: Absence of Corruption,WJP_F2,0.62345925
JAM,2017,WJP Factor 2: Absence of Corruption,WJP_F2,0.548349
JAM,2018,WJP Factor 2: Absence of Corruption,WJP_F2,0.548349
JPN,2017,WJP Factor 2: Absence of Corruption,WJP_F2,0.84622225
JPN,2018,WJP Factor 2: Absence of Corruption,WJP_F2,0.84622225
JOR,2017,WJP Factor 2: Absence of Corruption,WJP_F2,0.65677875
JOR,2018,WJP Factor 2: Absence of Corruption,WJP_F2,0.65677875
KAZ,2017,WJP Factor 2: Absence of Corruption,WJP_F2,0.45382449999999996
KAZ,2018,WJP Factor 2: Absence of Corruption,WJP_F2,0.45382449999999996
KEN,2017,WJP Factor 2: Absence of Corruption,WJP_F2,0.29021549999999996
KEN,2018,WJP Factor 2: Absence of Corruption,WJP_F2,0.29021549999999996
KOR,2017,WJP Factor 2: Absence of Corruption,WJP_F2,0.66697425
KOR,2018,WJP Factor 2: Absence of Corruption,WJP_F2,0.66697425
KGZ,2017,WJP Factor 2: Absence of Corruption,WJP_F2,0.292705
KGZ,2018,WJP Factor 2: Absence of Corruption,WJP_F2,0.292705
LBN,2017,WJP Factor 2: Absence of Corruption,WJP_F2,0.385334
LBN,2018,WJP Factor 2: Absence of Corruption,WJP_F2,0.385334
LBR,2017,WJP Factor 2: Absence of Corruption,WJP_F2,0.28152
LBR,2018,WJP Factor 2: Absence of Corruption,WJP_F2,0.28152
MDG,2017,WJP Factor 2: Absence of Corruption,WJP_F2,0.283396
MDG,2018,WJP Factor 2: Absence of Corruption,WJP_F2,0.283396
MWI,2017,WJP Factor 2: Absence of Corruption,WJP_F2,0.413872
MWI,2018,WJP Factor 2: Absence of Corruption,WJP_F2,0.413872
MYS,2017,WJP Factor 2: Absence of Corruption,WJP_F2,0.558587
MYS,2018,WJP Factor 2: Absence of Corruption,WJP_F2,0.558587
MEX,2017,WJP Factor 2: Absence of Corruption,WJP_F2,0.30827274999999993
MEX,2018,WJP Factor 2: Absence of Corruption,WJP_F2,0.30827274999999993
MDA,2017,WJP Factor 2: Absence of Corruption,WJP_F2,0.32187875000000005
MDA,2018,WJP Factor 2: Absence of Corruption,WJP_F2,0.32187875000000005
MNG,2017,WJP Factor 2: Absence of Corruption,WJP_F2,0.43891749999999996
MNG,2018,WJP Factor 2: Absence of Corruption,WJP_F2,0.43891749999999996
MAR,2017,WJP Factor 2: Absence of Corruption,WJP_F2,0.4705925
MAR,2018,WJP Factor 2: Absence of Corruption,WJP_F2,0.4705925
MMR,2017,WJP Factor 2: Absence of Corruption,WJP_F2,0.4650965
MMR,2018,WJP Factor 2: Absence of Corruption,WJP_F2,0.4650965
NPL,2017,WJP Factor 2: Absence of Corruption,WJP_F2,0.41496575
NPL,2018,WJP Factor 2: Absence of Corruption,WJP_F2,0.41496575
NLD,2017,WJP Factor 2: Absence of Corruption,WJP_F2,0.8602737500000001
NLD,2018,WJP Factor 2: Absence of Corruption,WJP_F2,0.8602737500000001
NZL,2017,WJP Factor 2: Absence of Corruption,WJP_F2,0.8760530000000001
NZL,2018,WJP Factor 2: Absence of Corruption,WJP_F2,0.8760530000000001
NIC,2017,WJP Factor 2: Absence of Corruption,WJP_F2,0.38128275
NIC,2018,WJP Factor 2: Absence of Corruption,WJP_F2,0.38128275
NGA,2017,WJP Factor 2: Absence of Corruption,WJP_F2,0.322195
NGA,2018,WJP Factor 2: Absence of Corruption,WJP_F2,0.322195
MKD,2017,WJP Factor 2: Absence of Corruption,WJP_F2,0.47039525000000004
MKD,2018,WJP Factor 2: Absence of Corruption,WJP_F2,0.47039525000000004
NOR,2017,WJP Factor 2: Absence of Corruption,WJP_F2,0.93397275
NOR,2018,WJP Factor 2: Absence of Corruption,WJP_F2,0.93397275
PAK,2017,WJP Factor 2: Absence of Corruption,WJP_F2,0.33192275
PAK,2018,WJP Factor 2: Absence of Corruption,WJP_F2,0.33192275
PAN,2017,WJP Factor 2: Absence of Corruption,WJP_F2,0.44648375
PAN,2018,WJP Factor 2: Absence of Corruption,WJP_F2,0.44648375
PER,2017,WJP Factor 2: Absence of Corruption,WJP_F2,0.3785845
PER,2018,WJP Factor 2: Absence of Corruption,WJP_F2,0.3785845
PHL,2017,WJP Factor 2: Absence of Corruption,WJP_F2,0.4650035
PHL,2018,WJP Factor 2: Absence of Corruption,WJP_F2,0.4650035
POL,2017,WJP Factor 2: Absence of Corruption,WJP_F2,0.719719
POL,2018,WJP Factor 2: Absence of Corruption,WJP_F2,0.719719
PRT,2017,WJP Factor 2: Absence of Corruption,WJP_F2,0.73782775
PRT,2018,WJP Factor 2: Absence of Corruption,WJP_F2,0.73782775
ROU,2017,WJP Factor 2: Absence of Corruption,WJP_F2,0.57642575
ROU,2018,WJP Factor 2: Absence of Corruption,WJP_F2,0.57642575
RUS,2017,WJP Factor 2: Absence of Corruption,WJP_F2,0.42629325
RUS,2018,WJP Factor 2: Absence of Corruption,WJP_F2,0.42629325
SEN,2017,WJP Factor 2: Absence of Corruption,WJP_F2,0.53299525
SEN,2018,WJP Factor 2: Absence of Corruption,WJP_F2,0.53299525
SRB,2017,WJP Factor 2: Absence of Corruption,WJP_F2,0.4291985
SRB,2018,WJP Factor 2: Absence of Corruption,WJP_F2,0.4291985
SLE,2017,WJP Factor 2: Absence of Corruption,WJP_F2,0.342329
SLE,2018,WJP Factor 2: Absence of Corruption,WJP_F2,0.342329
SGP,2017,WJP Factor 2: Absence of Corruption,WJP_F2,0.9095362499999999
SGP,2018,WJP Factor 2: Absence of Corruption,WJP_F2,0.9095362499999999
SVN,2017,WJP Factor 2: Absence of Corruption,WJP_F2,0.63128975
SVN,2018,WJP Factor 2: Absence of Corruption,WJP_F2,0.63128975
ZAF,2017,WJP Factor 2: Absence of Corruption,WJP_F2,0.5348417499999999
ZAF,2018,WJP Factor 2: Absence of Corruption,WJP_F2,0.5348417499999999
ESP,2017,WJP Factor 2: Absence of Corruption,WJP_F2,0.7091737499999999
ESP,2018,WJP Factor 2: Absence of Corruption,WJP_F2,0.7091737499999999
LKA,2017,WJP Factor 2: Absence of Corruption,WJP_F2,0.475367
LKA,2018,WJP Factor 2: Absence of Corruption,WJP_F2,0.475367
KNA,2017,WJP Factor 2: Absence of Corruption,WJP_F2,0.68706
KNA,2018,WJP Factor 2: Absence of Corruption,WJP_F2,0.68706
LCA,2017,WJP Factor 2: Absence of Corruption,WJP_F2,0.65510725
LCA,2018,WJP Factor 2: Absence of Corruption,WJP_F2,0.65510725
VCT,2017,WJP Factor 2: Absence of Corruption,WJP_F2,0.6762985
VCT,2018,WJP Factor 2: Absence of Corruption,WJP_F2,0.6762985
SUR,2017,WJP Factor 2: Absence of Corruption,WJP_F2,0.57063725
SUR,2018,WJP Factor 2: Absence of Corruption,WJP_F2,0.57063725
SWE,2017,WJP Factor 2: Absence of Corruption,WJP_F2,0.9135757499999999
SWE,2018,WJP Factor 2: Absence of Corruption,WJP_F2,0.9135757499999999
TZA,2017,WJP Factor 2: Absence of Corruption,WJP_F2,0.40455250000000004
TZA,2018,WJP Factor 2: Absence of Corruption,WJP_F2,0.40455250000000004
THA,2017,WJP Factor 2: Absence of Corruption,WJP_F2,0.49225325
THA,2018,WJP Factor 2: Absence of Corruption,WJP_F2,0.49225325
BHS,2017,WJP Factor 2: Absence of Corruption,WJP_F2,0.6374415
BHS,2018,WJP Factor 2: Absence of Corruption,WJP_F2,0.6374415
TTO,2017,WJP Factor 2: Absence of Corruption,WJP_F2,0.49658474999999996
TTO,2018,WJP Factor 2: Absence of Corruption,WJP_F2,0.49658474999999996
TUN,2017,WJP Factor 2: Absence of Corruption,WJP_F2,0.48568824999999993
TUN,2018,WJP Factor 2: Absence of Corruption,WJP_F2,0.48568824999999993
TUR,2017,WJP Factor 2: Absence of Corruption,WJP_F2,0.49892974999999995
TUR,2018,WJP Factor 2: Absence of Corruption,WJP_F2,0.49892974999999995
UGA,2017,WJP Factor 2: Absence of Corruption,WJP_F2,0.25584874999999996
UGA,2018,WJP Factor 2: Absence of Corruption,WJP_F2,0.25584874999999996
UKR,2017,WJP Factor 2: Absence of Corruption,WJP_F2,0.34256275
UKR,2018,WJP Factor 2: Absence of Corruption,WJP_F2,0.34256275
ARE,2017,WJP Factor 2: Absence of Corruption,WJP_F2,0.7616942499999999
ARE,2018,WJP Factor 2: Absence of Corruption,WJP_F2,0.7616942499999999
GBR,2017,WJP Factor 2: Absence of Corruption,WJP_F2,0.8238425
GBR,2018,WJP Factor 2: Absence of Corruption,WJP_F2,0.8238425
USA,2017,WJP Factor 2: Absence of Corruption,WJP_F2,0.75492
USA,2018,WJP Factor 2: Absence of Corruption,WJP_F2,0.75492
URY,2017,WJP Factor 2: Absence of Corruption,WJP_F2,0.75708325
URY,2018,WJP Factor 2: Absence of Corruption,WJP_F2,0.75708325
UZB,2017,WJP Factor 2: Absence of Corruption,WJP_F2,0.3424485
UZB,2018,WJP Factor 2: Absence of Corruption,WJP_F2,0.3424485
VEN,2017,WJP Factor 2: Absence of Corruption,WJP_F2,0.295978
VEN,2018,WJP Factor 2: Absence of Corruption,WJP_F2,0.295978
VNM,2017,WJP Factor 2: Absence of Corruption,WJP_F2,0.4383395
VNM,2018,WJP Factor 2: Absence of Corruption,WJP_F2,0.4383395
ZMB,2017,WJP Factor 2: Absence of Corruption,WJP_F2,0.424253
ZMB,2018,WJP Factor 2: Absence of Corruption,WJP_F2,0.424253
ZWE,2017,WJP Factor 2: Absence of Corruption,WJP_F2,0.28462899999999997
ZWE,2018,WJP Factor 2: Absence of Corruption,WJP_F2,0.28462899999999997
AFG,2019,WJP Factor 2: Absence of Corruption,WJP_F2,0.2765677651263526
ALB,2019,WJP Factor 2: Absence of Corruption,WJP_F2,0.35158672999697205
DZA,2019,WJP Factor 2: Absence of Corruption,WJP_F2,0.45048060167388626
AGO,2019,WJP Factor 2: Absence of Corruption,WJP_F2,0.4221710655041693
ATG,2019,WJP Factor 2: Absence of Corruption,WJP_F2,0.609443153231104
ARG,2019,WJP Factor 2: Absence of Corruption,WJP_F2,0.5216665935239927
AUS,2019,WJP Factor 2: Absence of Corruption,WJP_F2,0.813418682876444
AUT,2019,WJP Factor 2: Absence of Corruption,WJP_F2,0.842323910984104
BGD,2019,WJP Factor 2: Absence of Corruption,WJP_F2,0.36818380792455674
BRB,2019,WJP Factor 2: Absence of Corruption,WJP_F2,0.6824787504660046
BLR,2019,WJP Factor 2: Absence of Corruption,WJP_F2,0.5530864812846924
BEL,2019,WJP Factor 2: Absence of Corruption,WJP_F2,0.7976974304320005
BLZ,2019,WJP Factor 2: Absence of Corruption,WJP_F2,0.4392096807856443
BEN,2019,WJP Factor 2: Absence of Corruption,WJP_F2,0.3784752395992332
BOL,2019,WJP Factor 2: Absence of Corruption,WJP_F2,0.26193356835387255
BIH,2019,WJP Factor 2: Absence of Corruption,WJP_F2,0.44072227303740363
BWA,2019,WJP Factor 2: Absence of Corruption,WJP_F2,0.6003965254174966
BRA,2019,WJP Factor 2: Absence of Corruption,WJP_F2,0.4546344791309207
BGR,2019,WJP Factor 2: Absence of Corruption,WJP_F2,0.4352905769001466
BFA,2019,WJP Factor 2: Absence of Corruption,WJP_F2,0.43798003389956847
KHM,2019,WJP Factor 2: Absence of Corruption,WJP_F2,0.24403445657343817
CMR,2019,WJP Factor 2: Absence of Corruption,WJP_F2,0.2710581964199707
CAN,2019,WJP Factor 2: Absence of Corruption,WJP_F2,0.8287202508032145
CHL,2019,WJP Factor 2: Absence of Corruption,WJP_F2,0.6959720503477727
CHN,2019,WJP Factor 2: Absence of Corruption,WJP_F2,0.5511603788820073
COL,2019,WJP Factor 2: Absence of Corruption,WJP_F2,0.384214154253121
COD,2019,WJP Factor 2: Absence of Corruption,WJP_F2,0.18232800804072
CRI,2019,WJP Factor 2: Absence of Corruption,WJP_F2,0.6752184899271633
CIV,2019,WJP Factor 2: Absence of Corruption,WJP_F2,0.37402644373435595
HRV,2019,WJP Factor 2: Absence of Corruption,WJP_F2,0.570607565363661
CZE,2019,WJP Factor 2: Absence of Corruption,WJP_F2,0.640572736017981
DNK,2019,WJP Factor 2: Absence of Corruption,WJP_F2,0.9457950832204166
DMA,2019,WJP Factor 2: Absence of Corruption,WJP_F2,0.6030626820496265
DOM,2019,WJP Factor 2: Absence of Corruption,WJP_F2,0.38526249213584496
ECU,2019,WJP Factor 2: Absence of Corruption,WJP_F2,0.4051415744527375
EGY,2019,WJP Factor 2: Absence of Corruption,WJP_F2,0.40145218744843325
SLV,2019,WJP Factor 2: Absence of Corruption,WJP_F2,0.39845339226200377
EST,2019,WJP Factor 2: Absence of Corruption,WJP_F2,0.8013070497971392
ETH,2019,WJP Factor 2: Absence of Corruption,WJP_F2,0.46319970957513007
FIN,2019,WJP Factor 2: Absence of Corruption,WJP_F2,0.8925733372399298
FRA,2019,WJP Factor 2: Absence of Corruption,WJP_F2,0.7492955557796699
GEO,2019,WJP Factor 2: Absence of Corruption,WJP_F2,0.6990944633971985
DEU,2019,WJP Factor 2: Absence of Corruption,WJP_F2,0.822339772906825
GHA,2019,WJP Factor 2: Absence of Corruption,WJP_F2,0.40506101337495276
GRC,2019,WJP Factor 2: Absence of Corruption,WJP_F2,0.567431045136233
GRD,2019,WJP Factor 2: Absence of Corruption,WJP_F2,0.6645174282133368
GTM,2019,WJP Factor 2: Absence of Corruption,WJP_F2,0.3685422589672103
GIN,2019,WJP Factor 2: Absence of Corruption,WJP_F2,0.2819027233600633
GUY,2019,WJP Factor 2: Absence of Corruption,WJP_F2,0.46220270073361225
HND,2019,WJP Factor 2: Absence of Corruption,WJP_F2,0.3358668769154733
HKG,2019,WJP Factor 2: Absence of Corruption,WJP_F2,0.840890507141929
HUN,2019,WJP Factor 2: Absence of Corruption,WJP_F2,0.5088312652881808
IND,2019,WJP Factor 2: Absence of Corruption,WJP_F2,0.42610832123502107
IDN,2019,WJP Factor 2: Absence of Corruption,WJP_F2,0.3770795677489442
IRN,2019,WJP Factor 2: Absence of Corruption,WJP_F2,0.44940204713194704
ITA,2019,WJP Factor 2: Absence of Corruption,WJP_F2,0.6322292094657492
JAM,2019,WJP Factor 2: Absence of Corruption,WJP_F2,0.5431896563941434
JPN,2019,WJP Factor 2: Absence of Corruption,WJP_F2,0.8192242015385716
JOR,2019,WJP Factor 2: Absence of Corruption,WJP_F2,0.5834651561086046
KAZ,2019,WJP Factor 2: Absence of Corruption,WJP_F2,0.46605620549844284
KEN,2019,WJP Factor 2: Absence of Corruption,WJP_F2,0.273729786830396
KOR,2019,WJP Factor 2: Absence of Corruption,WJP_F2,0.6720229196723472
KGZ,2019,WJP Factor 2: Absence of Corruption,WJP_F2,0.3141715316828795
LBN,2019,WJP Factor 2: Absence of Corruption,WJP_F2,0.3918990415004232
LBR,2019,WJP Factor 2: Absence of Corruption,WJP_F2,0.3189373638852388
MDG,2019,WJP Factor 2: Absence of Corruption,WJP_F2,0.2644793135828196
MWI,2019,WJP Factor 2: Absence of Corruption,WJP_F2,0.42007006006100417
MYS,2019,WJP Factor 2: Absence of Corruption,WJP_F2,0.5817252523522667
MLI,2019,WJP Factor 2: Absence of Corruption,WJP_F2,0.31231604166388505
MRT,2019,WJP Factor 2: Absence of Corruption,WJP_F2,0.3066901675020899
MUS,2019,WJP Factor 2: Absence of Corruption,WJP_F2,0.5841302346019611
MEX,2019,WJP Factor 2: Absence of Corruption,WJP_F2,0.29318002396342
MDA,2019,WJP Factor 2: Absence of Corruption,WJP_F2,0.3242437315821641
MNG,2019,WJP Factor 2: Absence of Corruption,WJP_F2,0.43890294579835637
MAR,2019,WJP Factor 2: Absence of Corruption,WJP_F2,0.44286962786464457
MOZ,2019,WJP Factor 2: Absence of Corruption,WJP_F2,0.3712945120658042
MMR,2019,WJP Factor 2: Absence of Corruption,WJP_F2,0.46970684336715374
NAM,2019,WJP Factor 2: Absence of Corruption,WJP_F2,0.5301415735640096
NPL,2019,WJP Factor 2: Absence of Corruption,WJP_F2,0.4301775553425069
NLD,2019,WJP Factor 2: Absence of Corruption,WJP_F2,0.8810388129788972
NZL,2019,WJP Factor 2: Absence of Corruption,WJP_F2,0.8717658224632147
NIC,2019,WJP Factor 2: Absence of Corruption,WJP_F2,0.34682282654062074
NER,2019,WJP Factor 2: Absence of Corruption,WJP_F2,0.42834320471255394
NGA,2019,WJP Factor 2: Absence of Corruption,WJP_F2,0.3395109361682059
MKD,2019,WJP Factor 2: Absence of Corruption,WJP_F2,0.46592649789503576
NOR,2019,WJP Factor 2: Absence of Corruption,WJP_F2,0.9435273535425744
PAK,2019,WJP Factor 2: Absence of Corruption,WJP_F2,0.31598277213834597
PAN,2019,WJP Factor 2: Absence of Corruption,WJP_F2,0.4180203933496408
PER,2019,WJP Factor 2: Absence of Corruption,WJP_F2,0.3337922855570658
PHL,2019,WJP Factor 2: Absence of Corruption,WJP_F2,0.4655957715490792
POL,2019,WJP Factor 2: Absence of Corruption,WJP_F2,0.7272025586965812
PRT,2019,WJP Factor 2: Absence of Corruption,WJP_F2,0.7241718430698765
ROU,2019,WJP Factor 2: Absence of Corruption,WJP_F2,0.5723980947112026
RUS,2019,WJP Factor 2: Absence of Corruption,WJP_F2,0.4527621799151184
RWA,2019,WJP Factor 2: Absence of Corruption,WJP_F2,0.5990055841517795
SEN,2019,WJP Factor 2: Absence of Corruption,WJP_F2,0.5429911663234345
SRB,2019,WJP Factor 2: Absence of Corruption,WJP_F2,0.43977902753283155
SLE,2019,WJP Factor 2: Absence of Corruption,WJP_F2,0.3543136321532259
SGP,2019,WJP Factor 2: Absence of Corruption,WJP_F2,0.9136491496425514
SVN,2019,WJP Factor 2: Absence of Corruption,WJP_F2,0.6555672342958861
ZAF,2019,WJP Factor 2: Absence of Corruption,WJP_F2,0.481363028562565
ESP,2019,WJP Factor 2: Absence of Corruption,WJP_F2,0.7224890114685989
LKA,2019,WJP Factor 2: Absence of Corruption,WJP_F2,0.4560736518001191
KNA,2019,WJP Factor 2: Absence of Corruption,WJP_F2,0.6663466399150013
LCA,2019,WJP Factor 2: Absence of Corruption,WJP_F2,0.6344756791393646
VCT,2019,WJP Factor 2: Absence of Corruption,WJP_F2,0.6951944813801476
SUR,2019,WJP Factor 2: Absence of Corruption,WJP_F2,0.5054593300962692
SWE,2019,WJP Factor 2: Absence of Corruption,WJP_F2,0.9101722175112213
TZA,2019,WJP Factor 2: Absence of Corruption,WJP_F2,0.4163991332892103
THA,2019,WJP Factor 2: Absence of Corruption,WJP_F2,0.4919727550999333
BHS,2019,WJP Factor 2: Absence of Corruption,WJP_F2,0.6518857804238042
TGO,2019,WJP Factor 2: Absence of Corruption,WJP_F2,0.42099382803082586
TTO,2019,WJP Factor 2: Absence of Corruption,WJP_F2,0.5001747537710918
TUN,2019,WJP Factor 2: Absence of Corruption,WJP_F2,0.47208402306797365
TUR,2019,WJP Factor 2: Absence of Corruption,WJP_F2,0.4838689875532737
UGA,2019,WJP Factor 2: Absence of Corruption,WJP_F2,0.25979354715108244
UKR,2019,WJP Factor 2: Absence of Corruption,WJP_F2,0.3329146180144575
ARE,2019,WJP Factor 2: Absence of Corruption,WJP_F2,0.7948633232250052
GBR,2019,WJP Factor 2: Absence of Corruption,WJP_F2,0.8275581755771089
USA,2019,WJP Factor 2: Absence of Corruption,WJP_F2,0.7398784774490124
URY,2019,WJP Factor 2: Absence of Corruption,WJP_F2,0.7401269463370014
UZB,2019,WJP Factor 2: Absence of Corruption,WJP_F2,0.3809477042813305
VEN,2019,WJP Factor 2: Absence of Corruption,WJP_F2,0.3174691657907177
VNM,2019,WJP Factor 2: Absence of Corruption,WJP_F2,0.4048489647304421
ZMB,2019,WJP Factor 2: Absence of Corruption,WJP_F2,0.40197557100076786
ZWE,2019,WJP Factor 2: Absence of Corruption,WJP_F2,0.30927698805594867
AFG,2020,WJP Factor 2: Absence of Corruption,WJP_F2,0.3040972347519731
ALB,2020,WJP Factor 2: Absence of Corruption,WJP_F2,0.3671053432478914
DZA,2020,WJP Factor 2: Absence of Corruption,WJP_F2,0.45454389444393484
AGO,2020,WJP Factor 2: Absence of Corruption,WJP_F2,0.42576391841165706
ATG,2020,WJP Factor 2: Absence of Corruption,WJP_F2,0.606537189659172
ARG,2020,WJP Factor 2: Absence of Corruption,WJP_F2,0.5170628233545306
AUS,2020,WJP Factor 2: Absence of Corruption,WJP_F2,0.8159364289087675
AUT,2020,WJP Factor 2: Absence of Corruption,WJP_F2,0.8188569197400031
BGD,2020,WJP Factor 2: Absence of Corruption,WJP_F2,0.36214121950590783
BRB,2020,WJP Factor 2: Absence of Corruption,WJP_F2,0.6960329212929488
BLR,2020,WJP Factor 2: Absence of Corruption,WJP_F2,0.5443703711922723
BEL,2020,WJP Factor 2: Absence of Corruption,WJP_F2,0.8006414437593314
BLZ,2020,WJP Factor 2: Absence of Corruption,WJP_F2,0.43419451043597707
BEN,2020,WJP Factor 2: Absence of Corruption,WJP_F2,0.3829248527985866
BOL,2020,WJP Factor 2: Absence of Corruption,WJP_F2,0.2654199302735594
BIH,2020,WJP Factor 2: Absence of Corruption,WJP_F2,0.4362489770852791
BWA,2020,WJP Factor 2: Absence of Corruption,WJP_F2,0.59068166555786
BRA,2020,WJP Factor 2: Absence of Corruption,WJP_F2,0.44668808733159504
BGR,2020,WJP Factor 2: Absence of Corruption,WJP_F2,0.4401678546089399
BFA,2020,WJP Factor 2: Absence of Corruption,WJP_F2,0.4229213325183516
KHM,2020,WJP Factor 2: Absence of Corruption,WJP_F2,0.23697447860385837
CMR,2020,WJP Factor 2: Absence of Corruption,WJP_F2,0.25502366790090314
CAN,2020,WJP Factor 2: Absence of Corruption,WJP_F2,0.8344898644073475
CHL,2020,WJP Factor 2: Absence of Corruption,WJP_F2,0.6903166953414772
CHN,2020,WJP Factor 2: Absence of Corruption,WJP_F2,0.5342470988713005
COL,2020,WJP Factor 2: Absence of Corruption,WJP_F2,0.38601423360028736
COD,2020,WJP Factor 2: Absence of Corruption,WJP_F2,0.1600549422799616
CRI,2020,WJP Factor 2: Absence of Corruption,WJP_F2,0.6594154671171754
CIV,2020,WJP Factor 2: Absence of Corruption,WJP_F2,0.36006138103285873
HRV,2020,WJP Factor 2: Absence of Corruption,WJP_F2,0.5795472593598963
CZE,2020,WJP Factor 2: Absence of Corruption,WJP_F2,0.6530418949399965
DNK,2020,WJP Factor 2: Absence of Corruption,WJP_F2,0.9462557023699104
DMA,2020,WJP Factor 2: Absence of Corruption,WJP_F2,0.5979471819397022
DOM,2020,WJP Factor 2: Absence of Corruption,WJP_F2,0.39065055231794343
ECU,2020,WJP Factor 2: Absence of Corruption,WJP_F2,0.4189084732793137
EGY,2020,WJP Factor 2: Absence of Corruption,WJP_F2,0.39821257282921113
SLV,2020,WJP Factor 2: Absence of Corruption,WJP_F2,0.37965746746834544
EST,2020,WJP Factor 2: Absence of Corruption,WJP_F2,0.7932103082176227
ETH,2020,WJP Factor 2: Absence of Corruption,WJP_F2,0.4558616450104418
FIN,2020,WJP Factor 2: Absence of Corruption,WJP_F2,0.8896320248993271
FRA,2020,WJP Factor 2: Absence of Corruption,WJP_F2,0.7393519395171909
GEO,2020,WJP Factor 2: Absence of Corruption,WJP_F2,0.6829064544226915
DEU,2020,WJP Factor 2: Absence of Corruption,WJP_F2,0.8227176728410494
GHA,2020,WJP Factor 2: Absence of Corruption,WJP_F2,0.39087726147156565
GRC,2020,WJP Factor 2: Absence of Corruption,WJP_F2,0.5626529613500131
GRD,2020,WJP Factor 2: Absence of Corruption,WJP_F2,0.6476660453678333
GTM,2020,WJP Factor 2: Absence of Corruption,WJP_F2,0.3360595378763449
GIN,2020,WJP Factor 2: Absence of Corruption,WJP_F2,0.28622803077860287
GUY,2020,WJP Factor 2: Absence of Corruption,WJP_F2,0.4557641564417595
HND,2020,WJP Factor 2: Absence of Corruption,WJP_F2,0.322426710938564
HKG,2020,WJP Factor 2: Absence of Corruption,WJP_F2,0.8412773381875815
HUN,2020,WJP Factor 2: Absence of Corruption,WJP_F2,0.5055819796210995
IND,2020,WJP Factor 2: Absence of Corruption,WJP_F2,0.41931483469708486
IDN,2020,WJP Factor 2: Absence of Corruption,WJP_F2,0.39329915649804725
IRN,2020,WJP Factor 2: Absence of Corruption,WJP_F2,0.42966173374811983
ITA,2020,WJP Factor 2: Absence of Corruption,WJP_F2,0.6313271546908575
JAM,2020,WJP Factor 2: Absence of Corruption,WJP_F2,0.5457496582774096
JPN,2020,WJP Factor 2: Absence of Corruption,WJP_F2,0.8177474495445987
JOR,2020,WJP Factor 2: Absence of Corruption,WJP_F2,0.5991768796558357
KAZ,2020,WJP Factor 2: Absence of Corruption,WJP_F2,0.48500337748619127
KEN,2020,WJP Factor 2: Absence of Corruption,WJP_F2,0.2729002450125166
KOR,2020,WJP Factor 2: Absence of Corruption,WJP_F2,0.6651812515318426
XKX,2020,WJP Factor 2: Absence of Corruption,WJP_F2,0.46152088221548404
KGZ,2020,WJP Factor 2: Absence of Corruption,WJP_F2,0.3230102211996255
LBN,2020,WJP Factor 2: Absence of Corruption,WJP_F2,0.3648619216293235
LBR,2020,WJP Factor 2: Absence of Corruption,WJP_F2,0.32316112377735523
MDG,2020,WJP Factor 2: Absence of Corruption,WJP_F2,0.27223802614399223
MWI,2020,WJP Factor 2: Absence of Corruption,WJP_F2,0.41353460596512237
MYS,2020,WJP Factor 2: Absence of Corruption,WJP_F2,0.5958273785004382
MLI,2020,WJP Factor 2: Absence of Corruption,WJP_F2,0.3380418095507147
MRT,2020,WJP Factor 2: Absence of Corruption,WJP_F2,0.2891276288793274
MUS,2020,WJP Factor 2: Absence of Corruption,WJP_F2,0.587631741313441
MEX,2020,WJP Factor 2: Absence of Corruption,WJP_F2,0.27479767735137006
MDA,2020,WJP Factor 2: Absence of Corruption,WJP_F2,0.33949297204158857
MNG,2020,WJP Factor 2: Absence of Corruption,WJP_F2,0.41958155802697006
MAR,2020,WJP Factor 2: Absence of Corruption,WJP_F2,0.43808467791874584
MOZ,2020,WJP Factor 2: Absence of Corruption,WJP_F2,0.3671470173870758
MMR,2020,WJP Factor 2: Absence of Corruption,WJP_F2,0.4606668047659895
NAM,2020,WJP Factor 2: Absence of Corruption,WJP_F2,0.5343608531641905
NPL,2020,WJP Factor 2: Absence of Corruption,WJP_F2,0.41346000771217206
NLD,2020,WJP Factor 2: Absence of Corruption,WJP_F2,0.877148732918859
NZL,2020,WJP Factor 2: Absence of Corruption,WJP_F2,0.8748882132663922
NIC,2020,WJP Factor 2: Absence of Corruption,WJP_F2,0.34324140500234557
NER,2020,WJP Factor 2: Absence of Corruption,WJP_F2,0.40267797609315376
NGA,2020,WJP Factor 2: Absence of Corruption,WJP_F2,0.33137158638532455
MKD,2020,WJP Factor 2: Absence of Corruption,WJP_F2,0.442412281149815
NOR,2020,WJP Factor 2: Absence of Corruption,WJP_F2,0.9395427049034533
PAK,2020,WJP Factor 2: Absence of Corruption,WJP_F2,0.3097413864563795
PAN,2020,WJP Factor 2: Absence of Corruption,WJP_F2,0.4202520654399077
PER,2020,WJP Factor 2: Absence of Corruption,WJP_F2,0.33014679795954727
PHL,2020,WJP Factor 2: Absence of Corruption,WJP_F2,0.45730424414746496
POL,2020,WJP Factor 2: Absence of Corruption,WJP_F2,0.7332425278848543
PRT,2020,WJP Factor 2: Absence of Corruption,WJP_F2,0.7249452913583688
ROU,2020,WJP Factor 2: Absence of Corruption,WJP_F2,0.5590227979298016
RUS,2020,WJP Factor 2: Absence of Corruption,WJP_F2,0.4296182084082608
RWA,2020,WJP Factor 2: Absence of Corruption,WJP_F2,0.6300678502745618
SEN,2020,WJP Factor 2: Absence of Corruption,WJP_F2,0.5367497819129273
SRB,2020,WJP Factor 2: Absence of Corruption,WJP_F2,0.43903291538960704
SLE,2020,WJP Factor 2: Absence of Corruption,WJP_F2,0.3545929726419129
SGP,2020,WJP Factor 2: Absence of Corruption,WJP_F2,0.9136291088568589
SVN,2020,WJP Factor 2: Absence of Corruption,WJP_F2,0.6622691536555672
ZAF,2020,WJP Factor 2: Absence of Corruption,WJP_F2,0.4838802949854239
ESP,2020,WJP Factor 2: Absence of Corruption,WJP_F2,0.7320747437951993
LKA,2020,WJP Factor 2: Absence of Corruption,WJP_F2,0.4702882446895186
KNA,2020,WJP Factor 2: Absence of Corruption,WJP_F2,0.6402447208363026
LCA,2020,WJP Factor 2: Absence of Corruption,WJP_F2,0.6358817662602654
VCT,2020,WJP Factor 2: Absence of Corruption,WJP_F2,0.6971685484967316
SUR,2020,WJP Factor 2: Absence of Corruption,WJP_F2,0.45003685760828727
SWE,2020,WJP Factor 2: Absence of Corruption,WJP_F2,0.9080177019024162
TZA,2020,WJP Factor 2: Absence of Corruption,WJP_F2,0.42109979817097276
THA,2020,WJP Factor 2: Absence of Corruption,WJP_F2,0.4899167987396858
BHS,2020,WJP Factor 2: Absence of Corruption,WJP_F2,0.6294753297235545
GMB,2020,WJP Factor 2: Absence of Corruption,WJP_F2,0.4829117458951848
TGO,2020,WJP Factor 2: Absence of Corruption,WJP_F2,0.42857315616486136
TTO,2020,WJP Factor 2: Absence of Corruption,WJP_F2,0.4875617075789521
TUN,2020,WJP Factor 2: Absence of Corruption,WJP_F2,0.4852457394425459
TUR,2020,WJP Factor 2: Absence of Corruption,WJP_F2,0.472734347571903
UGA,2020,WJP Factor 2: Absence of Corruption,WJP_F2,0.25799258304101463
UKR,2020,WJP Factor 2: Absence of Corruption,WJP_F2,0.3306343602398309
ARE,2020,WJP Factor 2: Absence of Corruption,WJP_F2,0.7986737899554592
GBR,2020,WJP Factor 2: Absence of Corruption,WJP_F2,0.8231377880433138
USA,2020,WJP Factor 2: Absence of Corruption,WJP_F2,0.7372719827930818
URY,2020,WJP Factor 2: Absence of Corruption,WJP_F2,0.7294497965383903
UZB,2020,WJP Factor 2: Absence of Corruption,WJP_F2,0.40302248582964034
VEN,2020,WJP Factor 2: Absence of Corruption,WJP_F2,0.30899726262327754
VNM,2020,WJP Factor 2: Absence of Corruption,WJP_F2,0.4195068091314143
ZMB,2020,WJP Factor 2: Absence of Corruption,WJP_F2,0.3803627178622748
ZWE,2020,WJP Factor 2: Absence of Corruption,WJP_F2,0.31654114492857355
AFG,2021,WJP Factor 2: Absence of Corruption,WJP_F2,0.2962042505057395
ALB,2021,WJP Factor 2: Absence of Corruption,WJP_F2,0.3681251099803973
DZA,2021,WJP Factor 2: Absence of Corruption,WJP_F2,0.44668871974518004
AGO,2021,WJP Factor 2: Absence of Corruption,WJP_F2,0.43528310213895705
ATG,2021,WJP Factor 2: Absence of Corruption,WJP_F2,0.5945258879790561
ARG,2021,WJP Factor 2: Absence of Corruption,WJP_F2,0.48313224841821434
AUS,2021,WJP Factor 2: Absence of Corruption,WJP_F2,0.8055872463462778
AUT,2021,WJP Factor 2: Absence of Corruption,WJP_F2,0.8174707471322316
BGD,2021,WJP Factor 2: Absence of Corruption,WJP_F2,0.350915539385745
BRB,2021,WJP Factor 2: Absence of Corruption,WJP_F2,0.6866063048876474
BLR,2021,WJP Factor 2: Absence of Corruption,WJP_F2,0.5132249928659988
BEL,2021,WJP Factor 2: Absence of Corruption,WJP_F2,0.8045695565290232
BLZ,2021,WJP Factor 2: Absence of Corruption,WJP_F2,0.4266257357692596
BEN,2021,WJP Factor 2: Absence of Corruption,WJP_F2,0.3839169792518262
BOL,2021,WJP Factor 2: Absence of Corruption,WJP_F2,0.2727840964900894
BIH,2021,WJP Factor 2: Absence of Corruption,WJP_F2,0.42481634426993076
BWA,2021,WJP Factor 2: Absence of Corruption,WJP_F2,0.5835692331431667
BRA,2021,WJP Factor 2: Absence of Corruption,WJP_F2,0.4348255968239147
BGR,2021,WJP Factor 2: Absence of Corruption,WJP_F2,0.44052608657647735
BFA,2021,WJP Factor 2: Absence of Corruption,WJP_F2,0.43342649853745835
KHM,2021,WJP Factor 2: Absence of Corruption,WJP_F2,0.23201150696603542
CMR,2021,WJP Factor 2: Absence of Corruption,WJP_F2,0.24627742223973742
CAN,2021,WJP Factor 2: Absence of Corruption,WJP_F2,0.8241992015700358
CHL,2021,WJP Factor 2: Absence of Corruption,WJP_F2,0.690003219701947
CHN,2021,WJP Factor 2: Absence of Corruption,WJP_F2,0.5303199674045199
COL,2021,WJP Factor 2: Absence of Corruption,WJP_F2,0.3907763289753225
COD,2021,WJP Factor 2: Absence of Corruption,WJP_F2,0.1638174839416866
COG,2021,WJP Factor 2: Absence of Corruption,WJP_F2,0.3081967337397549
CRI,2021,WJP Factor 2: Absence of Corruption,WJP_F2,0.6506159162797647
CIV,2021,WJP Factor 2: Absence of Corruption,WJP_F2,0.3500568849117722
HRV,2021,WJP Factor 2: Absence of Corruption,WJP_F2,0.5550286204445027
CYP,2021,WJP Factor 2: Absence of Corruption,WJP_F2,0.6762644544281804
CZE,2021,WJP Factor 2: Absence of Corruption,WJP_F2,0.648706165990565
DNK,2021,WJP Factor 2: Absence of Corruption,WJP_F2,0.9506450542052308
DMA,2021,WJP Factor 2: Absence of Corruption,WJP_F2,0.5973554665284249
DOM,2021,WJP Factor 2: Absence of Corruption,WJP_F2,0.3937807641419233
ECU,2021,WJP Factor 2: Absence of Corruption,WJP_F2,0.40854741891657465
EGY,2021,WJP Factor 2: Absence of Corruption,WJP_F2,0.3791099838340518
SLV,2021,WJP Factor 2: Absence of Corruption,WJP_F2,0.36127223326363916
EST,2021,WJP Factor 2: Absence of Corruption,WJP_F2,0.7989928184431923
ETH,2021,WJP Factor 2: Absence of Corruption,WJP_F2,0.4572418199470541
FIN,2021,WJP Factor 2: Absence of Corruption,WJP_F2,0.8920587797585231
FRA,2021,WJP Factor 2: Absence of Corruption,WJP_F2,0.7414342128865961
GEO,2021,WJP Factor 2: Absence of Corruption,WJP_F2,0.676363764122798
DEU,2021,WJP Factor 2: Absence of Corruption,WJP_F2,0.8274289770410022
GHA,2021,WJP Factor 2: Absence of Corruption,WJP_F2,0.38866856353513
GRC,2021,WJP Factor 2: Absence of Corruption,WJP_F2,0.5596270158332012
GRD,2021,WJP Factor 2: Absence of Corruption,WJP_F2,0.6578771932244374
GTM,2021,WJP Factor 2: Absence of Corruption,WJP_F2,0.3311485100831425
GIN,2021,WJP Factor 2: Absence of Corruption,WJP_F2,0.26904568400176176
GUY,2021,WJP Factor 2: Absence of Corruption,WJP_F2,0.44908212010809656
HTI,2021,WJP Factor 2: Absence of Corruption,WJP_F2,0.27794182367072634
HND,2021,WJP Factor 2: Absence of Corruption,WJP_F2,0.30966114497599
HKG,2021,WJP Factor 2: Absence of Corruption,WJP_F2,0.8462235627262147
HUN,2021,WJP Factor 2: Absence of Corruption,WJP_F2,0.49492020206833043
IND,2021,WJP Factor 2: Absence of Corruption,WJP_F2,0.404110124101898
IDN,2021,WJP Factor 2: Absence of Corruption,WJP_F2,0.39906743528686095
IRN,2021,WJP Factor 2: Absence of Corruption,WJP_F2,0.40241907863302695
IRL,2021,WJP Factor 2: Absence of Corruption,WJP_F2,0.8036364512235368
ITA,2021,WJP Factor 2: Absence of Corruption,WJP_F2,0.6364857684067987
JAM,2021,WJP Factor 2: Absence of Corruption,WJP_F2,0.545207022912545
JPN,2021,WJP Factor 2: Absence of Corruption,WJP_F2,0.8206615638257584
JOR,2021,WJP Factor 2: Absence of Corruption,WJP_F2,0.588782929697362
KAZ,2021,WJP Factor 2: Absence of Corruption,WJP_F2,0.48715002296863263
KEN,2021,WJP Factor 2: Absence of Corruption,WJP_F2,0.27129636859721334
KOR,2021,WJP Factor 2: Absence of Corruption,WJP_F2,0.667117605933135
XKX,2021,WJP Factor 2: Absence of Corruption,WJP_F2,0.4631719563834039
KGZ,2021,WJP Factor 2: Absence of Corruption,WJP_F2,0.2996820401639046
LVA,2021,WJP Factor 2: Absence of Corruption,WJP_F2,0.662557252423978
LBN,2021,WJP Factor 2: Absence of Corruption,WJP_F2,0.35857259708246625
LBR,2021,WJP Factor 2: Absence of Corruption,WJP_F2,0.31262679701654583
LTU,2021,WJP Factor 2: Absence of Corruption,WJP_F2,0.6915348318453014
LUX,2021,WJP Factor 2: Absence of Corruption,WJP_F2,0.8661099470732346
MDG,2021,WJP Factor 2: Absence of Corruption,WJP_F2,0.26922946247676627
MWI,2021,WJP Factor 2: Absence of Corruption,WJP_F2,0.4258769352941162
MYS,2021,WJP Factor 2: Absence of Corruption,WJP_F2,0.576240427432105
MLI,2021,WJP Factor 2: Absence of Corruption,WJP_F2,0.3211706796524445
MLT,2021,WJP Factor 2: Absence of Corruption,WJP_F2,0.6818924562996729
MRT,2021,WJP Factor 2: Absence of Corruption,WJP_F2,0.2951316170990267
MUS,2021,WJP Factor 2: Absence of Corruption,WJP_F2,0.5806537850884482
MEX,2021,WJP Factor 2: Absence of Corruption,WJP_F2,0.2618778861757383
MDA,2021,WJP Factor 2: Absence of Corruption,WJP_F2,0.35510617612710327
MNG,2021,WJP Factor 2: Absence of Corruption,WJP_F2,0.4341917001454895
MAR,2021,WJP Factor 2: Absence of Corruption,WJP_F2,0.42169607887299926
MOZ,2021,WJP Factor 2: Absence of Corruption,WJP_F2,0.3635112070706524
MMR,2021,WJP Factor 2: Absence of Corruption,WJP_F2,0.43661847634234163
NAM,2021,WJP Factor 2: Absence of Corruption,WJP_F2,0.5211054165246651
NPL,2021,WJP Factor 2: Absence of Corruption,WJP_F2,0.4089079067058802
NLD,2021,WJP Factor 2: Absence of Corruption,WJP_F2,0.8733457730584313
NZL,2021,WJP Factor 2: Absence of Corruption,WJP_F2,0.877347868089035
NIC,2021,WJP Factor 2: Absence of Corruption,WJP_F2,0.32439102227233085
NER,2021,WJP Factor 2: Absence of Corruption,WJP_F2,0.3980229799744549
NGA,2021,WJP Factor 2: Absence of Corruption,WJP_F2,0.316668424114243
MKD,2021,WJP Factor 2: Absence of Corruption,WJP_F2,0.45096515994244124
NOR,2021,WJP Factor 2: Absence of Corruption,WJP_F2,0.9412699404972229
PAK,2021,WJP Factor 2: Absence of Corruption,WJP_F2,0.3087049796258526
PAN,2021,WJP Factor 2: Absence of Corruption,WJP_F2,0.413339806459221
PRY,2021,WJP Factor 2: Absence of Corruption,WJP_F2,0.3002626563745755
PER,2021,WJP Factor 2: Absence of Corruption,WJP_F2,0.32027599105562476
PHL,2021,WJP Factor 2: Absence of Corruption,WJP_F2,0.44018688926287336
POL,2021,WJP Factor 2: Absence of Corruption,WJP_F2,0.7198009451856994
PRT,2021,WJP Factor 2: Absence of Corruption,WJP_F2,0.7206868720089569
ROU,2021,WJP Factor 2: Absence of Corruption,WJP_F2,0.5520647790134574
RUS,2021,WJP Factor 2: Absence of Corruption,WJP_F2,0.42212495969023345
RWA,2021,WJP Factor 2: Absence of Corruption,WJP_F2,0.6484908316547451
SEN,2021,WJP Factor 2: Absence of Corruption,WJP_F2,0.5429567259056335
SRB,2021,WJP Factor 2: Absence of Corruption,WJP_F2,0.43240940907138625
SLE,2021,WJP Factor 2: Absence of Corruption,WJP_F2,0.35844571819391113
SGP,2021,WJP Factor 2: Absence of Corruption,WJP_F2,0.9090811962387444
SVK,2021,WJP Factor 2: Absence of Corruption,WJP_F2,0.5092662424729929
SVN,2021,WJP Factor 2: Absence of Corruption,WJP_F2,0.6573751070677476
ZAF,2021,WJP Factor 2: Absence of Corruption,WJP_F2,0.4793719187590406
ESP,2021,WJP Factor 2: Absence of Corruption,WJP_F2,0.7360350686827739
LKA,2021,WJP Factor 2: Absence of Corruption,WJP_F2,0.49192259770695135
KNA,2021,WJP Factor 2: Absence of Corruption,WJP_F2,0.6493604498553602
LCA,2021,WJP Factor 2: Absence of Corruption,WJP_F2,0.633118103254432
VCT,2021,WJP Factor 2: Absence of Corruption,WJP_F2,0.6897277868789131
SDN,2021,WJP Factor 2: Absence of Corruption,WJP_F2,0.3998861139112455
SUR,2021,WJP Factor 2: Absence of Corruption,WJP_F2,0.44220742025875415
SWE,2021,WJP Factor 2: Absence of Corruption,WJP_F2,0.9048136674363791
TZA,2021,WJP Factor 2: Absence of Corruption,WJP_F2,0.41729548604215005
THA,2021,WJP Factor 2: Absence of Corruption,WJP_F2,0.46749042921394146
BHS,2021,WJP Factor 2: Absence of Corruption,WJP_F2,0.6387982055289717
GMB,2021,WJP Factor 2: Absence of Corruption,WJP_F2,0.4651698345216484
TGO,2021,WJP Factor 2: Absence of Corruption,WJP_F2,0.43353290603837574
TTO,2021,WJP Factor 2: Absence of Corruption,WJP_F2,0.4942848756997141
TUN,2021,WJP Factor 2: Absence of Corruption,WJP_F2,0.4797169389659436
TUR,2021,WJP Factor 2: Absence of Corruption,WJP_F2,0.4586858383984389
UGA,2021,WJP Factor 2: Absence of Corruption,WJP_F2,0.2607791454400136
UKR,2021,WJP Factor 2: Absence of Corruption,WJP_F2,0.32582536675216667
ARE,2021,WJP Factor 2: Absence of Corruption,WJP_F2,0.801317360677446
GBR,2021,WJP Factor 2: Absence of Corruption,WJP_F2,0.8228224087151519
USA,2021,WJP Factor 2: Absence of Corruption,WJP_F2,0.7215402115929201
URY,2021,WJP Factor 2: Absence of Corruption,WJP_F2,0.7292497058635998
UZB,2021,WJP Factor 2: Absence of Corruption,WJP_F2,0.4574058756499507
VEN,2021,WJP Factor 2: Absence of Corruption,WJP_F2,0.2938854945666803
VNM,2021,WJP Factor 2: Absence of Corruption,WJP_F2,0.4120055642061707
ZMB,2021,WJP Factor 2: Absence of Corruption,WJP_F2,0.36413727461280987
ZWE,2021,WJP Factor 2: Absence of Corruption,WJP_F2,0.31484793898421576
AFG,2022,WJP Factor 2: Absence of Corruption,WJP_F2,0.3073072523939271
ALB,2022,WJP Factor 2: Absence of Corruption,WJP_F2,0.3633123718181746
DZA,2022,WJP Factor 2: Absence of Corruption,WJP_F2,0.44549443221731033
AGO,2022,WJP Factor 2: Absence of Corruption,WJP_F2,0.43292272835151124
ATG,2022,WJP Factor 2: Absence of Corruption,WJP_F2,0.6124698551260288
ARG,2022,WJP Factor 2: Absence of Corruption,WJP_F2,0.4594979448231883
AUS,2022,WJP Factor 2: Absence of Corruption,WJP_F2,0.8100588000912544
AUT,2022,WJP Factor 2: Absence of Corruption,WJP_F2,0.8006868616929826
BGD,2022,WJP Factor 2: Absence of Corruption,WJP_F2,0.337047470252854
BRB,2022,WJP Factor 2: Absence of Corruption,WJP_F2,0.6974410779504959
BLR,2022,WJP Factor 2: Absence of Corruption,WJP_F2,0.5009857538630785
BEL,2022,WJP Factor 2: Absence of Corruption,WJP_F2,0.8022159207563622
BLZ,2022,WJP Factor 2: Absence of Corruption,WJP_F2,0.4506143287519
BEN,2022,WJP Factor 2: Absence of Corruption,WJP_F2,0.3909608762560683
BOL,2022,WJP Factor 2: Absence of Corruption,WJP_F2,0.2465833249662198
BIH,2022,WJP Factor 2: Absence of Corruption,WJP_F2,0.42283007573916137
BWA,2022,WJP Factor 2: Absence of Corruption,WJP_F2,0.575990311747128
BRA,2022,WJP Factor 2: Absence of Corruption,WJP_F2,0.4323217015891513
BGR,2022,WJP Factor 2: Absence of Corruption,WJP_F2,0.44296797639573265
BFA,2022,WJP Factor 2: Absence of Corruption,WJP_F2,0.43163448040017405
KHM,2022,WJP Factor 2: Absence of Corruption,WJP_F2,0.22680577694935977
CMR,2022,WJP Factor 2: Absence of Corruption,WJP_F2,0.24220270897161272
CAN,2022,WJP Factor 2: Absence of Corruption,WJP_F2,0.8246798036419182
CHL,2022,WJP Factor 2: Absence of Corruption,WJP_F2,0.6894562460030732
CHN,2022,WJP Factor 2: Absence of Corruption,WJP_F2,0.5343546027579514
COL,2022,WJP Factor 2: Absence of Corruption,WJP_F2,0.38037224571583933
COD,2022,WJP Factor 2: Absence of Corruption,WJP_F2,0.1613927469067291
COG,2022,WJP Factor 2: Absence of Corruption,WJP_F2,0.29719836774463204
CRI,2022,WJP Factor 2: Absence of Corruption,WJP_F2,0.6323816553072636
CIV,2022,WJP Factor 2: Absence of Corruption,WJP_F2,0.34792711704548235
HRV,2022,WJP Factor 2: Absence of Corruption,WJP_F2,0.5722459509040565
CYP,2022,WJP Factor 2: Absence of Corruption,WJP_F2,0.6770801002693259
CZE,2022,WJP Factor 2: Absence of Corruption,WJP_F2,0.6561296534612246
DNK,2022,WJP Factor 2: Absence of Corruption,WJP_F2,0.9557403473275382
DMA,2022,WJP Factor 2: Absence of Corruption,WJP_F2,0.5973217654981159
DOM,2022,WJP Factor 2: Absence of Corruption,WJP_F2,0.3901006627897848
ECU,2022,WJP Factor 2: Absence of Corruption,WJP_F2,0.4051951043018198
EGY,2022,WJP Factor 2: Absence of Corruption,WJP_F2,0.37645230434699783
SLV,2022,WJP Factor 2: Absence of Corruption,WJP_F2,0.3551223662944246
EST,2022,WJP Factor 2: Absence of Corruption,WJP_F2,0.8092765633112419
ETH,2022,WJP Factor 2: Absence of Corruption,WJP_F2,0.4515443647558887
FIN,2022,WJP Factor 2: Absence of Corruption,WJP_F2,0.8865232733697703
FRA,2022,WJP Factor 2: Absence of Corruption,WJP_F2,0.7461420973058467
GAB,2022,WJP Factor 2: Absence of Corruption,WJP_F2,0.2432498843627493
GEO,2022,WJP Factor 2: Absence of Corruption,WJP_F2,0.6783654465464872
DEU,2022,WJP Factor 2: Absence of Corruption,WJP_F2,0.8266007939381818
GHA,2022,WJP Factor 2: Absence of Corruption,WJP_F2,0.3846705115236797
GRC,2022,WJP Factor 2: Absence of Corruption,WJP_F2,0.574058687144789
GRD,2022,WJP Factor 2: Absence of Corruption,WJP_F2,0.6472552338769192
GTM,2022,WJP Factor 2: Absence of Corruption,WJP_F2,0.3336818712681168
GIN,2022,WJP Factor 2: Absence of Corruption,WJP_F2,0.2798312440874982
GUY,2022,WJP Factor 2: Absence of Corruption,WJP_F2,0.446475618241524
HTI,2022,WJP Factor 2: Absence of Corruption,WJP_F2,0.246544743203499
HND,2022,WJP Factor 2: Absence of Corruption,WJP_F2,0.31970147350850947
HKG,2022,WJP Factor 2: Absence of Corruption,WJP_F2,0.834036783943126
HUN,2022,WJP Factor 2: Absence of Corruption,WJP_F2,0.4871101833645574
IND,2022,WJP Factor 2: Absence of Corruption,WJP_F2,0.40437077308097347
IDN,2022,WJP Factor 2: Absence of Corruption,WJP_F2,0.4037596297359328
IRN,2022,WJP Factor 2: Absence of Corruption,WJP_F2,0.39345861545572713
IRL,2022,WJP Factor 2: Absence of Corruption,WJP_F2,0.8051004740626031
ITA,2022,WJP Factor 2: Absence of Corruption,WJP_F2,0.6450329202668779
JAM,2022,WJP Factor 2: Absence of Corruption,WJP_F2,0.5496781166087403
JPN,2022,WJP Factor 2: Absence of Corruption,WJP_F2,0.8198824336806847
JOR,2022,WJP Factor 2: Absence of Corruption,WJP_F2,0.5767142782033006
KAZ,2022,WJP Factor 2: Absence of Corruption,WJP_F2,0.48232468797811634
KEN,2022,WJP Factor 2: Absence of Corruption,WJP_F2,0.2747221072917729
KOR,2022,WJP Factor 2: Absence of Corruption,WJP_F2,0.6630254833175784
XKX,2022,WJP Factor 2: Absence of Corruption,WJP_F2,0.48285279940159326
KGZ,2022,WJP Factor 2: Absence of Corruption,WJP_F2,0.2960418280704498
LVA,2022,WJP Factor 2: Absence of Corruption,WJP_F2,0.6723434788498784
LBN,2022,WJP Factor 2: Absence of Corruption,WJP_F2,0.362037155118589
LBR,2022,WJP Factor 2: Absence of Corruption,WJP_F2,0.2952560568760102
LTU,2022,WJP Factor 2: Absence of Corruption,WJP_F2,0.7201548015556983
LUX,2022,WJP Factor 2: Absence of Corruption,WJP_F2,0.8533536974301078
MDG,2022,WJP Factor 2: Absence of Corruption,WJP_F2,0.2741830657896495
MWI,2022,WJP Factor 2: Absence of Corruption,WJP_F2,0.42129971935655797
MYS,2022,WJP Factor 2: Absence of Corruption,WJP_F2,0.5571407120317738
MLI,2022,WJP Factor 2: Absence of Corruption,WJP_F2,0.31244464482901296
MLT,2022,WJP Factor 2: Absence of Corruption,WJP_F2,0.6845282546401084
MRT,2022,WJP Factor 2: Absence of Corruption,WJP_F2,0.2986115165909332
MUS,2022,WJP Factor 2: Absence of Corruption,WJP_F2,0.5796299009597724
MEX,2022,WJP Factor 2: Absence of Corruption,WJP_F2,0.26439436471755345
MDA,2022,WJP Factor 2: Absence of Corruption,WJP_F2,0.3678460463445907
MNG,2022,WJP Factor 2: Absence of Corruption,WJP_F2,0.43109537171194434
MAR,2022,WJP Factor 2: Absence of Corruption,WJP_F2,0.4152956012152091
MOZ,2022,WJP Factor 2: Absence of Corruption,WJP_F2,0.35497604536503397
MMR,2022,WJP Factor 2: Absence of Corruption,WJP_F2,0.434498570643828
NAM,2022,WJP Factor 2: Absence of Corruption,WJP_F2,0.5115969542226382
NPL,2022,WJP Factor 2: Absence of Corruption,WJP_F2,0.40077752175827663
NLD,2022,WJP Factor 2: Absence of Corruption,WJP_F2,0.8750409049407253
NZL,2022,WJP Factor 2: Absence of Corruption,WJP_F2,0.8756868443741432
NIC,2022,WJP Factor 2: Absence of Corruption,WJP_F2,0.31209404021185405
NER,2022,WJP Factor 2: Absence of Corruption,WJP_F2,0.3942190536661173
NGA,2022,WJP Factor 2: Absence of Corruption,WJP_F2,0.3121652795216972
MKD,2022,WJP Factor 2: Absence of Corruption,WJP_F2,0.4467818808982713
NOR,2022,WJP Factor 2: Absence of Corruption,WJP_F2,0.9329865232283324
PAK,2022,WJP Factor 2: Absence of Corruption,WJP_F2,0.31812286891076397
PAN,2022,WJP Factor 2: Absence of Corruption,WJP_F2,0.40048670243599843
PRY,2022,WJP Factor 2: Absence of Corruption,WJP_F2,0.305161774198481
PER,2022,WJP Factor 2: Absence of Corruption,WJP_F2,0.32743170183732406
PHL,2022,WJP Factor 2: Absence of Corruption,WJP_F2,0.44232172309116025
POL,2022,WJP Factor 2: Absence of Corruption,WJP_F2,0.7207909116390427
PRT,2022,WJP Factor 2: Absence of Corruption,WJP_F2,0.7171863252893083
ROU,2022,WJP Factor 2: Absence of Corruption,WJP_F2,0.5542080012628025
RUS,2022,WJP Factor 2: Absence of Corruption,WJP_F2,0.4149935477562954
RWA,2022,WJP Factor 2: Absence of Corruption,WJP_F2,0.6675709864568979
SEN,2022,WJP Factor 2: Absence of Corruption,WJP_F2,0.5528944280266144
SRB,2022,WJP Factor 2: Absence of Corruption,WJP_F2,0.4222710961077315
SLE,2022,WJP Factor 2: Absence of Corruption,WJP_F2,0.35933082869471045
SGP,2022,WJP Factor 2: Absence of Corruption,WJP_F2,0.9080012490578677
SVK,2022,WJP Factor 2: Absence of Corruption,WJP_F2,0.5131587882758938
SVN,2022,WJP Factor 2: Absence of Corruption,WJP_F2,0.646549947492752
ZAF,2022,WJP Factor 2: Absence of Corruption,WJP_F2,0.47097472001418117
ESP,2022,WJP Factor 2: Absence of Corruption,WJP_F2,0.7328629174782384
LKA,2022,WJP Factor 2: Absence of Corruption,WJP_F2,0.4733591779710037
KNA,2022,WJP Factor 2: Absence of Corruption,WJP_F2,0.636278300915591
LCA,2022,WJP Factor 2: Absence of Corruption,WJP_F2,0.6337040755486991
VCT,2022,WJP Factor 2: Absence of Corruption,WJP_F2,0.6838864253424425
SDN,2022,WJP Factor 2: Absence of Corruption,WJP_F2,0.3648238906204224
SUR,2022,WJP Factor 2: Absence of Corruption,WJP_F2,0.44407693829871403
SWE,2022,WJP Factor 2: Absence of Corruption,WJP_F2,0.9025698070363424
TZA,2022,WJP Factor 2: Absence of Corruption,WJP_F2,0.409633945712852
THA,2022,WJP Factor 2: Absence of Corruption,WJP_F2,0.4651864838181046
BHS,2022,WJP Factor 2: Absence of Corruption,WJP_F2,0.6417288215462043
GMB,2022,WJP Factor 2: Absence of Corruption,WJP_F2,0.47093847980781195
TGO,2022,WJP Factor 2: Absence of Corruption,WJP_F2,0.4391391006185515
TTO,2022,WJP Factor 2: Absence of Corruption,WJP_F2,0.4919485514291345
TUN,2022,WJP Factor 2: Absence of Corruption,WJP_F2,0.4689737878454857
TUR,2022,WJP Factor 2: Absence of Corruption,WJP_F2,0.45269682451872906
UGA,2022,WJP Factor 2: Absence of Corruption,WJP_F2,0.26539778106340534
UKR,2022,WJP Factor 2: Absence of Corruption,WJP_F2,0.3263228511224098
ARE,2022,WJP Factor 2: Absence of Corruption,WJP_F2,0.7802199269220866
GBR,2022,WJP Factor 2: Absence of Corruption,WJP_F2,0.8284356315016947
USA,2022,WJP Factor 2: Absence of Corruption,WJP_F2,0.7331238488538211
URY,2022,WJP Factor 2: Absence of Corruption,WJP_F2,0.7367639036904781
UZB,2022,WJP Factor 2: Absence of Corruption,WJP_F2,0.469483849602967
VEN,2022,WJP Factor 2: Absence of Corruption,WJP_F2,0.27506415712181675
VNM,2022,WJP Factor 2: Absence of Corruption,WJP_F2,0.416875405014745
ZMB,2022,WJP Factor 2: Absence of Corruption,WJP_F2,0.38046833380470724
ZWE,2022,WJP Factor 2: Absence of Corruption,WJP_F2,0.30695820005383223
AFG,2023,WJP Factor 2: Absence of Corruption,WJP_F2,0.3032108252411092
ALB,2023,WJP Factor 2: Absence of Corruption,WJP_F2,0.36352878539865013
DZA,2023,WJP Factor 2: Absence of Corruption,WJP_F2,0.45234091080686545
AGO,2023,WJP Factor 2: Absence of Corruption,WJP_F2,0.43600112504286215
ATG,2023,WJP Factor 2: Absence of Corruption,WJP_F2,0.6230750882478465
ARG,2023,WJP Factor 2: Absence of Corruption,WJP_F2,0.45642374402298846
AUS,2023,WJP Factor 2: Absence of Corruption,WJP_F2,0.8126770907813776
AUT,2023,WJP Factor 2: Absence of Corruption,WJP_F2,0.7989624411531697
BHS,2023,WJP Factor 2: Absence of Corruption,WJP_F2,0.6363607705720785
BGD,2023,WJP Factor 2: Absence of Corruption,WJP_F2,0.32961178619910547
BRB,2023,WJP Factor 2: Absence of Corruption,WJP_F2,0.7001106710271734
BLR,2023,WJP Factor 2: Absence of Corruption,WJP_F2,0.49304824433469707
BEL,2023,WJP Factor 2: Absence of Corruption,WJP_F2,0.7946447344023037
BLZ,2023,WJP Factor 2: Absence of Corruption,WJP_F2,0.45235675486305965
BEN,2023,WJP Factor 2: Absence of Corruption,WJP_F2,0.3994449507074643
BOL,2023,WJP Factor 2: Absence of Corruption,WJP_F2,0.24548156504966076
BIH,2023,WJP Factor 2: Absence of Corruption,WJP_F2,0.42027134527433735
BWA,2023,WJP Factor 2: Absence of Corruption,WJP_F2,0.5744711052875237
BRA,2023,WJP Factor 2: Absence of Corruption,WJP_F2,0.433738344724161
BGR,2023,WJP Factor 2: Absence of Corruption,WJP_F2,0.45497291326747236
BFA,2023,WJP Factor 2: Absence of Corruption,WJP_F2,0.4296412835563778
KHM,2023,WJP Factor 2: Absence of Corruption,WJP_F2,0.2270003798948798
CMR,2023,WJP Factor 2: Absence of Corruption,WJP_F2,0.2446993073477119
CAN,2023,WJP Factor 2: Absence of Corruption,WJP_F2,0.8293827628418317
CHL,2023,WJP Factor 2: Absence of Corruption,WJP_F2,0.6903695057788659
CHN,2023,WJP Factor 2: Absence of Corruption,WJP_F2,0.5277163201156021
COL,2023,WJP Factor 2: Absence of Corruption,WJP_F2,0.3808866612734804
COD,2023,WJP Factor 2: Absence of Corruption,WJP_F2,0.166343110302589
COG,2023,WJP Factor 2: Absence of Corruption,WJP_F2,0.2987262056147469
CRI,2023,WJP Factor 2: Absence of Corruption,WJP_F2,0.6378720466235657
CIV,2023,WJP Factor 2: Absence of Corruption,WJP_F2,0.35387519943843
HRV,2023,WJP Factor 2: Absence of Corruption,WJP_F2,0.573793082387202
CYP,2023,WJP Factor 2: Absence of Corruption,WJP_F2,0.6486008724246638
CZE,2023,WJP Factor 2: Absence of Corruption,WJP_F2,0.6605377075675397
DNK,2023,WJP Factor 2: Absence of Corruption,WJP_F2,0.9581031579288457
DMA,2023,WJP Factor 2: Absence of Corruption,WJP_F2,0.6034036356905091
DOM,2023,WJP Factor 2: Absence of Corruption,WJP_F2,0.39327640890783716
ECU,2023,WJP Factor 2: Absence of Corruption,WJP_F2,0.3796855729768893
EGY,2023,WJP Factor 2: Absence of Corruption,WJP_F2,0.3811872460007826
SLV,2023,WJP Factor 2: Absence of Corruption,WJP_F2,0.34998309720527626
EST,2023,WJP Factor 2: Absence of Corruption,WJP_F2,0.8084688686361095
ETH,2023,WJP Factor 2: Absence of Corruption,WJP_F2,0.43950716391978795
FIN,2023,WJP Factor 2: Absence of Corruption,WJP_F2,0.8872438589507907
FRA,2023,WJP Factor 2: Absence of Corruption,WJP_F2,0.7498773275076558
GAB,2023,WJP Factor 2: Absence of Corruption,WJP_F2,0.24095702005911385
GMB,2023,WJP Factor 2: Absence of Corruption,WJP_F2,0.46605150341838086
GEO,2023,WJP Factor 2: Absence of Corruption,WJP_F2,0.6755768587024278
DEU,2023,WJP Factor 2: Absence of Corruption,WJP_F2,0.8227500044504046
GHA,2023,WJP Factor 2: Absence of Corruption,WJP_F2,0.38896843075771714
GRC,2023,WJP Factor 2: Absence of Corruption,WJP_F2,0.5573483986039064
GRD,2023,WJP Factor 2: Absence of Corruption,WJP_F2,0.660048830422789
GTM,2023,WJP Factor 2: Absence of Corruption,WJP_F2,0.34038171592039373
GIN,2023,WJP Factor 2: Absence of Corruption,WJP_F2,0.2922185560129429
GUY,2023,WJP Factor 2: Absence of Corruption,WJP_F2,0.44515220166282876
HTI,2023,WJP Factor 2: Absence of Corruption,WJP_F2,0.2392919109719519
HND,2023,WJP Factor 2: Absence of Corruption,WJP_F2,0.323767251894106
HKG,2023,WJP Factor 2: Absence of Corruption,WJP_F2,0.8340977160136167
HUN,2023,WJP Factor 2: Absence of Corruption,WJP_F2,0.49713874468895525
IND,2023,WJP Factor 2: Absence of Corruption,WJP_F2,0.4014910743573966
IDN,2023,WJP Factor 2: Absence of Corruption,WJP_F2,0.4019621386271114
IRN,2023,WJP Factor 2: Absence of Corruption,WJP_F2,0.3746656527344764
IRL,2023,WJP Factor 2: Absence of Corruption,WJP_F2,0.8182315646621585
ITA,2023,WJP Factor 2: Absence of Corruption,WJP_F2,0.6459628527576455
JAM,2023,WJP Factor 2: Absence of Corruption,WJP_F2,0.5322026834845957
JPN,2023,WJP Factor 2: Absence of Corruption,WJP_F2,0.8222544452680021
JOR,2023,WJP Factor 2: Absence of Corruption,WJP_F2,0.5792338569962443
KAZ,2023,WJP Factor 2: Absence of Corruption,WJP_F2,0.4825571898832369
KEN,2023,WJP Factor 2: Absence of Corruption,WJP_F2,0.2694350979041106
KOR,2023,WJP Factor 2: Absence of Corruption,WJP_F2,0.667933558673792
XKX,2023,WJP Factor 2: Absence of Corruption,WJP_F2,0.4753889432816497
KWT,2023,WJP Factor 2: Absence of Corruption,WJP_F2,0.6647205849763852
KGZ,2023,WJP Factor 2: Absence of Corruption,WJP_F2,0.29062279798510327
LVA,2023,WJP Factor 2: Absence of Corruption,WJP_F2,0.6777030885119052
LBN,2023,WJP Factor 2: Absence of Corruption,WJP_F2,0.35742587552206695
LBR,2023,WJP Factor 2: Absence of Corruption,WJP_F2,0.30417148978736097
LTU,2023,WJP Factor 2: Absence of Corruption,WJP_F2,0.7222711109656258
LUX,2023,WJP Factor 2: Absence of Corruption,WJP_F2,0.8509095969699374
MDG,2023,WJP Factor 2: Absence of Corruption,WJP_F2,0.26636011661215137
MWI,2023,WJP Factor 2: Absence of Corruption,WJP_F2,0.41666594532365064
MYS,2023,WJP Factor 2: Absence of Corruption,WJP_F2,0.5677480755162498
MLI,2023,WJP Factor 2: Absence of Corruption,WJP_F2,0.31497392709254385
MLT,2023,WJP Factor 2: Absence of Corruption,WJP_F2,0.6772842116975316
MRT,2023,WJP Factor 2: Absence of Corruption,WJP_F2,0.2928068511618177
MUS,2023,WJP Factor 2: Absence of Corruption,WJP_F2,0.5751134726282735
MEX,2023,WJP Factor 2: Absence of Corruption,WJP_F2,0.26323154351268685
MDA,2023,WJP Factor 2: Absence of Corruption,WJP_F2,0.37880739865543506
MNG,2023,WJP Factor 2: Absence of Corruption,WJP_F2,0.42243134401790366
MNE,2023,WJP Factor 2: Absence of Corruption,WJP_F2,0.48324690299751116
MAR,2023,WJP Factor 2: Absence of Corruption,WJP_F2,0.4184313892474851
MOZ,2023,WJP Factor 2: Absence of Corruption,WJP_F2,0.3505540022627184
MMR,2023,WJP Factor 2: Absence of Corruption,WJP_F2,0.4225707648844711
NAM,2023,WJP Factor 2: Absence of Corruption,WJP_F2,0.5170888935629936
NPL,2023,WJP Factor 2: Absence of Corruption,WJP_F2,0.40366051940252745
NLD,2023,WJP Factor 2: Absence of Corruption,WJP_F2,0.8731193100144273
NZL,2023,WJP Factor 2: Absence of Corruption,WJP_F2,0.8749866455003279
NIC,2023,WJP Factor 2: Absence of Corruption,WJP_F2,0.2960179448293413
NER,2023,WJP Factor 2: Absence of Corruption,WJP_F2,0.38900645571460846
NGA,2023,WJP Factor 2: Absence of Corruption,WJP_F2,0.3174960112363275
MKD,2023,WJP Factor 2: Absence of Corruption,WJP_F2,0.4505991322400046
NOR,2023,WJP Factor 2: Absence of Corruption,WJP_F2,0.9369757188291641
PAK,2023,WJP Factor 2: Absence of Corruption,WJP_F2,0.3144208731561131
PAN,2023,WJP Factor 2: Absence of Corruption,WJP_F2,0.3968708152434258
PRY,2023,WJP Factor 2: Absence of Corruption,WJP_F2,0.2885736973209489
PER,2023,WJP Factor 2: Absence of Corruption,WJP_F2,0.33242529577530755
PHL,2023,WJP Factor 2: Absence of Corruption,WJP_F2,0.4306847275726279
POL,2023,WJP Factor 2: Absence of Corruption,WJP_F2,0.7173753684211923
PRT,2023,WJP Factor 2: Absence of Corruption,WJP_F2,0.7108015261021776
ROU,2023,WJP Factor 2: Absence of Corruption,WJP_F2,0.5603975076326847
RUS,2023,WJP Factor 2: Absence of Corruption,WJP_F2,0.4147625985847946
RWA,2023,WJP Factor 2: Absence of Corruption,WJP_F2,0.6756727011112378
SEN,2023,WJP Factor 2: Absence of Corruption,WJP_F2,0.5547620950088068
SRB,2023,WJP Factor 2: Absence of Corruption,WJP_F2,0.4162726620884953
SLE,2023,WJP Factor 2: Absence of Corruption,WJP_F2,0.355666932528461
SGP,2023,WJP Factor 2: Absence of Corruption,WJP_F2,0.9125319869922943
SVK,2023,WJP Factor 2: Absence of Corruption,WJP_F2,0.530833696713778
SVN,2023,WJP Factor 2: Absence of Corruption,WJP_F2,0.6671180172506289
ZAF,2023,WJP Factor 2: Absence of Corruption,WJP_F2,0.46581701210585263
ESP,2023,WJP Factor 2: Absence of Corruption,WJP_F2,0.7267321103540466
LKA,2023,WJP Factor 2: Absence of Corruption,WJP_F2,0.4692519184204963
KNA,2023,WJP Factor 2: Absence of Corruption,WJP_F2,0.6498669845664413
LCA,2023,WJP Factor 2: Absence of Corruption,WJP_F2,0.6363154179635763
VCT,2023,WJP Factor 2: Absence of Corruption,WJP_F2,0.6793271688975457
SDN,2023,WJP Factor 2: Absence of Corruption,WJP_F2,0.35189661257929356
SUR,2023,WJP Factor 2: Absence of Corruption,WJP_F2,0.4337711252205222
SWE,2023,WJP Factor 2: Absence of Corruption,WJP_F2,0.9011450662363132
TZA,2023,WJP Factor 2: Absence of Corruption,WJP_F2,0.40777877322216405
THA,2023,WJP Factor 2: Absence of Corruption,WJP_F2,0.4537387834730231
TGO,2023,WJP Factor 2: Absence of Corruption,WJP_F2,0.433462851813594
TTO,2023,WJP Factor 2: Absence of Corruption,WJP_F2,0.4865923472897897
TUN,2023,WJP Factor 2: Absence of Corruption,WJP_F2,0.46591011720325276
TUR,2023,WJP Factor 2: Absence of Corruption,WJP_F2,0.44167471004803793
UGA,2023,WJP Factor 2: Absence of Corruption,WJP_F2,0.2643212725907441
UKR,2023,WJP Factor 2: Absence of Corruption,WJP_F2,0.32511265809645523
ARE,2023,WJP Factor 2: Absence of Corruption,WJP_F2,0.7797620805033454
GBR,2023,WJP Factor 2: Absence of Corruption,WJP_F2,0.8275346691355281
USA,2023,WJP Factor 2: Absence of Corruption,WJP_F2,0.7336725616997335
URY,2023,WJP Factor 2: Absence of Corruption,WJP_F2,0.7339841857364029
UZB,2023,WJP Factor 2: Absence of Corruption,WJP_F2,0.4679074640180422
VEN,2023,WJP Factor 2: Absence of Corruption,WJP_F2,0.2754297338696955
VNM,2023,WJP Factor 2: Absence of Corruption,WJP_F2,0.4177486768937472
ZMB,2023,WJP Factor 2: Absence of Corruption,WJP_F2,0.38038442706569253
ZWE,2023,WJP Factor 2: Absence of Corruption,WJP_F2,0.32134850453888814
