country_name,year,Indicator,Value
Algeria,2000,Tax effort (ratio),N/D
Algeria,2001,Tax effort (ratio),N/D
Algeria,2002,Tax effort (ratio),N/D
Algeria,2003,Tax effort (ratio),N/D
Algeria,2004,Tax effort (ratio),N/D
Algeria,2005,Tax effort (ratio),N/D
Algeria,2006,Tax effort (ratio),N/D
Algeria,2007,Tax effort (ratio),N/D
Algeria,2008,Tax effort (ratio),N/D
Algeria,2009,Tax effort (ratio),N/D
Algeria,2010,Tax effort (ratio),N/D
Algeria,2011,Tax effort (ratio),N/D
Algeria,2012,Tax effort (ratio),N/D
Algeria,2013,Tax effort (ratio),N/D
Algeria,2014,Tax effort (ratio),N/D
Algeria,2015,Tax effort (ratio),N/D
Algeria,2016,Tax effort (ratio),N/D
Algeria,2017,Tax effort (ratio),N/D
Algeria,2018,Tax effort (ratio),N/D
Algeria,2019,Tax effort (ratio),N/D
Algeria,2020,Tax effort (ratio),N/D
Algeria,2021,Tax effort (ratio),N/D
Algeria,2022,Tax effort (ratio),N/D
Algeria,2023,Tax effort (ratio),N/D
Angola,2000,Tax effort (ratio),N/D
Angola,2001,Tax effort (ratio),N/D
Angola,2002,Tax effort (ratio),N/D
Angola,2003,Tax effort (ratio),N/D
Angola,2004,Tax effort (ratio),N/D
Angola,2005,Tax effort (ratio),N/D
Angola,2006,Tax effort (ratio),N/D
Angola,2007,Tax effort (ratio),N/D
Angola,2008,Tax effort (ratio),N/D
Angola,2009,Tax effort (ratio),N/D
Angola,2010,Tax effort (ratio),N/D
Angola,2011,Tax effort (ratio),N/D
Angola,2012,Tax effort (ratio),N/D
Angola,2013,Tax effort (ratio),N/D
Angola,2014,Tax effort (ratio),N/D
Angola,2015,Tax effort (ratio),N/D
Angola,2016,Tax effort (ratio),N/D
Angola,2017,Tax effort (ratio),N/D
Angola,2018,Tax effort (ratio),N/D
Angola,2019,Tax effort (ratio),N/D
Angola,2020,Tax effort (ratio),N/D
Angola,2021,Tax effort (ratio),N/D
Angola,2022,Tax effort (ratio),N/D
Angola,2023,Tax effort (ratio),N/D
Benin,2000,Tax effort (ratio),0.39
Benin,2001,Tax effort (ratio),N/D
Benin,2002,Tax effort (ratio),0.41
Benin,2003,Tax effort (ratio),0.42
Benin,2004,Tax effort (ratio),0.4
Benin,2005,Tax effort (ratio),0.41
Benin,2006,Tax effort (ratio),0.43
Benin,2007,Tax effort (ratio),0.47
Benin,2008,Tax effort (ratio),0.49
Benin,2009,Tax effort (ratio),0.46
Benin,2010,Tax effort (ratio),0.46
Benin,2011,Tax effort (ratio),0.43
Benin,2012,Tax effort (ratio),0.43
Benin,2013,Tax effort (ratio),0.43
Benin,2014,Tax effort (ratio),0.43
Benin,2015,Tax effort (ratio),0.43
Benin,2016,Tax effort (ratio),0.37
Benin,2017,Tax effort (ratio),0.4
Benin,2018,Tax effort (ratio),0.42
Benin,2019,Tax effort (ratio),0.42
Benin,2020,Tax effort (ratio),0.42
Benin,2021,Tax effort (ratio),0.45
Benin,2022,Tax effort (ratio),0.48
Benin,2023,Tax effort (ratio),N/D
Botswana,2000,Tax effort (ratio),N/D
Botswana,2001,Tax effort (ratio),N/D
Botswana,2002,Tax effort (ratio),0.59
Botswana,2003,Tax effort (ratio),0.6
Botswana,2004,Tax effort (ratio),0.63
Botswana,2005,Tax effort (ratio),0.61
Botswana,2006,Tax effort (ratio),0.7
Botswana,2007,Tax effort (ratio),0.66
Botswana,2008,Tax effort (ratio),0.7
Botswana,2009,Tax effort (ratio),0.7
Botswana,2010,Tax effort (ratio),0.6
Botswana,2011,Tax effort (ratio),0.59
Botswana,2012,Tax effort (ratio),0.68
Botswana,2013,Tax effort (ratio),0.63
Botswana,2014,Tax effort (ratio),0.64
Botswana,2015,Tax effort (ratio),0.61
Botswana,2016,Tax effort (ratio),0.52
Botswana,2017,Tax effort (ratio),0.59
Botswana,2018,Tax effort (ratio),0.53
Botswana,2019,Tax effort (ratio),0.52
Botswana,2020,Tax effort (ratio),0.57
Botswana,2021,Tax effort (ratio),0.53
Botswana,2022,Tax effort (ratio),0.52
Botswana,2023,Tax effort (ratio),N/D
Burkina Faso,2000,Tax effort (ratio),0.41
Burkina Faso,2001,Tax effort (ratio),N/D
Burkina Faso,2002,Tax effort (ratio),0.41
Burkina Faso,2003,Tax effort (ratio),0.42
Burkina Faso,2004,Tax effort (ratio),0.45
Burkina Faso,2005,Tax effort (ratio),0.44
Burkina Faso,2006,Tax effort (ratio),0.44
Burkina Faso,2007,Tax effort (ratio),0.45
Burkina Faso,2008,Tax effort (ratio),0.45
Burkina Faso,2009,Tax effort (ratio),0.45
Burkina Faso,2010,Tax effort (ratio),0.46
Burkina Faso,2011,Tax effort (ratio),0.49
Burkina Faso,2012,Tax effort (ratio),0.56
Burkina Faso,2013,Tax effort (ratio),0.6
Burkina Faso,2014,Tax effort (ratio),0.55
Burkina Faso,2015,Tax effort (ratio),0.53
Burkina Faso,2016,Tax effort (ratio),0.55
Burkina Faso,2017,Tax effort (ratio),0.58
Burkina Faso,2018,Tax effort (ratio),0.58
Burkina Faso,2019,Tax effort (ratio),0.56
Burkina Faso,2020,Tax effort (ratio),0.5
Burkina Faso,2021,Tax effort (ratio),0.57
Burkina Faso,2022,Tax effort (ratio),N/D
Burkina Faso,2023,Tax effort (ratio),N/D
Burundi,2000,Tax effort (ratio),0.86
Burundi,2001,Tax effort (ratio),N/D
Burundi,2002,Tax effort (ratio),0.76
Burundi,2003,Tax effort (ratio),0.78
Burundi,2004,Tax effort (ratio),0.71
Burundi,2005,Tax effort (ratio),0.69
Burundi,2006,Tax effort (ratio),0.65
Burundi,2007,Tax effort (ratio),0.61
Burundi,2008,Tax effort (ratio),0.6
Burundi,2009,Tax effort (ratio),0.63
Burundi,2010,Tax effort (ratio),0.69
Burundi,2011,Tax effort (ratio),0.78
Burundi,2012,Tax effort (ratio),0.73
Burundi,2013,Tax effort (ratio),0.71
Burundi,2014,Tax effort (ratio),0.68
Burundi,2015,Tax effort (ratio),0.55
Burundi,2016,Tax effort (ratio),0.59
Burundi,2017,Tax effort (ratio),0.62
Burundi,2018,Tax effort (ratio),0.7
Burundi,2019,Tax effort (ratio),0.78
Burundi,2020,Tax effort (ratio),0.81
Burundi,2021,Tax effort (ratio),0.86
Burundi,2022,Tax effort (ratio),0.76
Burundi,2023,Tax effort (ratio),N/D
Cameroon,2000,Tax effort (ratio),0.45
Cameroon,2001,Tax effort (ratio),N/D
Cameroon,2002,Tax effort (ratio),0.51
Cameroon,2003,Tax effort (ratio),0.42
Cameroon,2004,Tax effort (ratio),0.38
Cameroon,2005,Tax effort (ratio),0.43
Cameroon,2006,Tax effort (ratio),0.43
Cameroon,2007,Tax effort (ratio),0.44
Cameroon,2008,Tax effort (ratio),0.42
Cameroon,2009,Tax effort (ratio),0.44
Cameroon,2010,Tax effort (ratio),0.4
Cameroon,2011,Tax effort (ratio),0.42
Cameroon,2012,Tax effort (ratio),0.45
Cameroon,2013,Tax effort (ratio),0.46
Cameroon,2014,Tax effort (ratio),0.47
Cameroon,2015,Tax effort (ratio),0.48
Cameroon,2016,Tax effort (ratio),0.46
Cameroon,2017,Tax effort (ratio),0.46
Cameroon,2018,Tax effort (ratio),0.48
Cameroon,2019,Tax effort (ratio),0.46
Cameroon,2020,Tax effort (ratio),0.43
Cameroon,2021,Tax effort (ratio),0.49
Cameroon,2022,Tax effort (ratio),N/D
Cameroon,2023,Tax effort (ratio),N/D
Central African Republic,2000,Tax effort (ratio),N/D
Central African Republic,2001,Tax effort (ratio),N/D
Central African Republic,2002,Tax effort (ratio),N/D
Central African Republic,2003,Tax effort (ratio),N/D
Central African Republic,2004,Tax effort (ratio),N/D
Central African Republic,2005,Tax effort (ratio),N/D
Central African Republic,2006,Tax effort (ratio),N/D
Central African Republic,2007,Tax effort (ratio),N/D
Central African Republic,2008,Tax effort (ratio),N/D
Central African Republic,2009,Tax effort (ratio),0.42
Central African Republic,2010,Tax effort (ratio),0.43
Central African Republic,2011,Tax effort (ratio),0.38
Central African Republic,2012,Tax effort (ratio),0.44
Central African Republic,2013,Tax effort (ratio),0.22
Central African Republic,2014,Tax effort (ratio),0.2
Central African Republic,2015,Tax effort (ratio),0.3
Central African Republic,2016,Tax effort (ratio),0.34
Central African Republic,2017,Tax effort (ratio),0.35
Central African Republic,2018,Tax effort (ratio),0.4
Central African Republic,2019,Tax effort (ratio),0.37
Central African Republic,2020,Tax effort (ratio),N/D
Central African Republic,2021,Tax effort (ratio),N/D
Central African Republic,2022,Tax effort (ratio),N/D
Central African Republic,2023,Tax effort (ratio),N/D
Chad,2000,Tax effort (ratio),N/D
Chad,2001,Tax effort (ratio),N/D
Chad,2002,Tax effort (ratio),N/D
Chad,2003,Tax effort (ratio),N/D
Chad,2004,Tax effort (ratio),N/D
Chad,2005,Tax effort (ratio),N/D
Chad,2006,Tax effort (ratio),N/D
Chad,2007,Tax effort (ratio),N/D
Chad,2008,Tax effort (ratio),N/D
Chad,2009,Tax effort (ratio),N/D
Chad,2010,Tax effort (ratio),N/D
Chad,2011,Tax effort (ratio),N/D
Chad,2012,Tax effort (ratio),N/D
Chad,2013,Tax effort (ratio),N/D
Chad,2014,Tax effort (ratio),N/D
Chad,2015,Tax effort (ratio),N/D
Chad,2016,Tax effort (ratio),N/D
Chad,2017,Tax effort (ratio),N/D
Chad,2018,Tax effort (ratio),N/D
Chad,2019,Tax effort (ratio),N/D
Chad,2020,Tax effort (ratio),N/D
Chad,2021,Tax effort (ratio),N/D
Chad,2022,Tax effort (ratio),N/D
Chad,2023,Tax effort (ratio),N/D
Comoros,2000,Tax effort (ratio),0.25
Comoros,2001,Tax effort (ratio),N/D
Comoros,2002,Tax effort (ratio),0.37
Comoros,2003,Tax effort (ratio),0.38
Comoros,2004,Tax effort (ratio),0.36
Comoros,2005,Tax effort (ratio),0.31
Comoros,2006,Tax effort (ratio),0.28
Comoros,2007,Tax effort (ratio),0.26
Comoros,2008,Tax effort (ratio),0.26
Comoros,2009,Tax effort (ratio),0.28
Comoros,2010,Tax effort (ratio),0.29
Comoros,2011,Tax effort (ratio),0.28
Comoros,2012,Tax effort (ratio),0.29
Comoros,2013,Tax effort (ratio),0.3
Comoros,2014,Tax effort (ratio),0.29
Comoros,2015,Tax effort (ratio),0.28
Comoros,2016,Tax effort (ratio),0.31
Comoros,2017,Tax effort (ratio),0.39
Comoros,2018,Tax effort (ratio),0.35
Comoros,2019,Tax effort (ratio),0.3
Comoros,2020,Tax effort (ratio),0.35
Comoros,2021,Tax effort (ratio),0.38
Comoros,2022,Tax effort (ratio),0.34
Comoros,2023,Tax effort (ratio),N/D
Djibouti,2000,Tax effort (ratio),N/D
Djibouti,2001,Tax effort (ratio),N/D
Djibouti,2002,Tax effort (ratio),N/D
Djibouti,2003,Tax effort (ratio),N/D
Djibouti,2004,Tax effort (ratio),N/D
Djibouti,2005,Tax effort (ratio),N/D
Djibouti,2006,Tax effort (ratio),N/D
Djibouti,2007,Tax effort (ratio),N/D
Djibouti,2008,Tax effort (ratio),N/D
Djibouti,2009,Tax effort (ratio),N/D
Djibouti,2010,Tax effort (ratio),N/D
Djibouti,2011,Tax effort (ratio),N/D
Djibouti,2012,Tax effort (ratio),N/D
Djibouti,2013,Tax effort (ratio),0.3
Djibouti,2014,Tax effort (ratio),0.3
Djibouti,2015,Tax effort (ratio),0.32
Djibouti,2016,Tax effort (ratio),0.33
Djibouti,2017,Tax effort (ratio),0.29
Djibouti,2018,Tax effort (ratio),0.28
Djibouti,2019,Tax effort (ratio),0.26
Djibouti,2020,Tax effort (ratio),0.24
Djibouti,2021,Tax effort (ratio),N/D
Djibouti,2022,Tax effort (ratio),N/D
Djibouti,2023,Tax effort (ratio),N/D
Egypt,2000,Tax effort (ratio),0.46
Egypt,2001,Tax effort (ratio),N/D
Egypt,2002,Tax effort (ratio),0.42
Egypt,2003,Tax effort (ratio),0.41
Egypt,2004,Tax effort (ratio),0.42
Egypt,2005,Tax effort (ratio),0.42
Egypt,2006,Tax effort (ratio),0.47
Egypt,2007,Tax effort (ratio),0.45
Egypt,2008,Tax effort (ratio),0.44
Egypt,2009,Tax effort (ratio),0.45
Egypt,2010,Tax effort (ratio),0.41
Egypt,2011,Tax effort (ratio),0.41
Egypt,2012,Tax effort (ratio),0.37
Egypt,2013,Tax effort (ratio),0.4
Egypt,2014,Tax effort (ratio),0.37
Egypt,2015,Tax effort (ratio),0.38
Egypt,2016,Tax effort (ratio),0.4
Egypt,2017,Tax effort (ratio),0.4
Egypt,2018,Tax effort (ratio),0.42
Egypt,2019,Tax effort (ratio),0.41
Egypt,2020,Tax effort (ratio),0.37
Egypt,2021,Tax effort (ratio),N/D
Egypt,2022,Tax effort (ratio),N/D
Egypt,2023,Tax effort (ratio),N/D
Equatorial Guinea,2000,Tax effort (ratio),N/D
Equatorial Guinea,2001,Tax effort (ratio),N/D
Equatorial Guinea,2002,Tax effort (ratio),N/D
Equatorial Guinea,2003,Tax effort (ratio),N/D
Equatorial Guinea,2004,Tax effort (ratio),N/D
Equatorial Guinea,2005,Tax effort (ratio),N/D
Equatorial Guinea,2006,Tax effort (ratio),N/D
Equatorial Guinea,2007,Tax effort (ratio),N/D
Equatorial Guinea,2008,Tax effort (ratio),N/D
Equatorial Guinea,2009,Tax effort (ratio),N/D
Equatorial Guinea,2010,Tax effort (ratio),N/D
Equatorial Guinea,2011,Tax effort (ratio),N/D
Equatorial Guinea,2012,Tax effort (ratio),N/D
Equatorial Guinea,2013,Tax effort (ratio),N/D
Equatorial Guinea,2014,Tax effort (ratio),N/D
Equatorial Guinea,2015,Tax effort (ratio),N/D
Equatorial Guinea,2016,Tax effort (ratio),N/D
Equatorial Guinea,2017,Tax effort (ratio),N/D
Equatorial Guinea,2018,Tax effort (ratio),N/D
Equatorial Guinea,2019,Tax effort (ratio),N/D
Equatorial Guinea,2020,Tax effort (ratio),N/D
Equatorial Guinea,2021,Tax effort (ratio),N/D
Equatorial Guinea,2022,Tax effort (ratio),N/D
Equatorial Guinea,2023,Tax effort (ratio),N/D
Eritrea,2000,Tax effort (ratio),0.81
Eritrea,2001,Tax effort (ratio),N/D
Eritrea,2002,Tax effort (ratio),0.68
Eritrea,2003,Tax effort (ratio),0.75
Eritrea,2004,Tax effort (ratio),0.66
Eritrea,2005,Tax effort (ratio),0.8
Eritrea,2006,Tax effort (ratio),0.76
Eritrea,2007,Tax effort (ratio),0.62
Eritrea,2008,Tax effort (ratio),0.64
Eritrea,2009,Tax effort (ratio),0.43
Eritrea,2010,Tax effort (ratio),N/D
Eritrea,2011,Tax effort (ratio),N/D
Eritrea,2012,Tax effort (ratio),N/D
Eritrea,2013,Tax effort (ratio),N/D
Eritrea,2014,Tax effort (ratio),N/D
Eritrea,2015,Tax effort (ratio),N/D
Eritrea,2016,Tax effort (ratio),N/D
Eritrea,2017,Tax effort (ratio),N/D
Eritrea,2018,Tax effort (ratio),N/D
Eritrea,2019,Tax effort (ratio),N/D
Eritrea,2020,Tax effort (ratio),N/D
Eritrea,2021,Tax effort (ratio),N/D
Eritrea,2022,Tax effort (ratio),N/D
Eritrea,2023,Tax effort (ratio),N/D
Eswatini,2000,Tax effort (ratio),0.66
Eswatini,2001,Tax effort (ratio),N/D
Eswatini,2002,Tax effort (ratio),0.62
Eswatini,2003,Tax effort (ratio),0.66
Eswatini,2004,Tax effort (ratio),0.76
Eswatini,2005,Tax effort (ratio),0.77
Eswatini,2006,Tax effort (ratio),1.04
Eswatini,2007,Tax effort (ratio),0.93
Eswatini,2008,Tax effort (ratio),0.97
Eswatini,2009,Tax effort (ratio),0.83
Eswatini,2010,Tax effort (ratio),0.58
Eswatini,2011,Tax effort (ratio),0.59
Eswatini,2012,Tax effort (ratio),0.87
Eswatini,2013,Tax effort (ratio),0.82
Eswatini,2014,Tax effort (ratio),0.79
Eswatini,2015,Tax effort (ratio),0.77
Eswatini,2016,Tax effort (ratio),0.67
Eswatini,2017,Tax effort (ratio),0.75
Eswatini,2018,Tax effort (ratio),0.69
Eswatini,2019,Tax effort (ratio),0.71
Eswatini,2020,Tax effort (ratio),0.79
Eswatini,2021,Tax effort (ratio),0.7
Eswatini,2022,Tax effort (ratio),0.7
Eswatini,2023,Tax effort (ratio),N/D
Ethiopia,2000,Tax effort (ratio),N/D
Ethiopia,2001,Tax effort (ratio),N/D
Ethiopia,2002,Tax effort (ratio),N/D
Ethiopia,2003,Tax effort (ratio),N/D
Ethiopia,2004,Tax effort (ratio),N/D
Ethiopia,2005,Tax effort (ratio),N/D
Ethiopia,2006,Tax effort (ratio),N/D
Ethiopia,2007,Tax effort (ratio),N/D
Ethiopia,2008,Tax effort (ratio),N/D
Ethiopia,2009,Tax effort (ratio),N/D
Ethiopia,2010,Tax effort (ratio),N/D
Ethiopia,2011,Tax effort (ratio),0.58
Ethiopia,2012,Tax effort (ratio),0.59
Ethiopia,2013,Tax effort (ratio),0.61
Ethiopia,2014,Tax effort (ratio),0.59
Ethiopia,2015,Tax effort (ratio),0.58
Ethiopia,2016,Tax effort (ratio),0.54
Ethiopia,2017,Tax effort (ratio),0.5
Ethiopia,2018,Tax effort (ratio),0.45
Ethiopia,2019,Tax effort (ratio),0.43
Ethiopia,2020,Tax effort (ratio),0.4
Ethiopia,2021,Tax effort (ratio),N/D
Ethiopia,2022,Tax effort (ratio),N/D
Ethiopia,2023,Tax effort (ratio),N/D
Gabon,2000,Tax effort (ratio),N/D
Gabon,2001,Tax effort (ratio),N/D
Gabon,2002,Tax effort (ratio),N/D
Gabon,2003,Tax effort (ratio),N/D
Gabon,2004,Tax effort (ratio),N/D
Gabon,2005,Tax effort (ratio),N/D
Gabon,2006,Tax effort (ratio),N/D
Gabon,2007,Tax effort (ratio),N/D
Gabon,2008,Tax effort (ratio),N/D
Gabon,2009,Tax effort (ratio),N/D
Gabon,2010,Tax effort (ratio),N/D
Gabon,2011,Tax effort (ratio),N/D
Gabon,2012,Tax effort (ratio),N/D
Gabon,2013,Tax effort (ratio),N/D
Gabon,2014,Tax effort (ratio),N/D
Gabon,2015,Tax effort (ratio),N/D
Gabon,2016,Tax effort (ratio),N/D
Gabon,2017,Tax effort (ratio),N/D
Gabon,2018,Tax effort (ratio),N/D
Gabon,2019,Tax effort (ratio),N/D
Gabon,2020,Tax effort (ratio),N/D
Gabon,2021,Tax effort (ratio),N/D
Gabon,2022,Tax effort (ratio),N/D
Gabon,2023,Tax effort (ratio),N/D
Ghana,2000,Tax effort (ratio),0.3
Ghana,2001,Tax effort (ratio),N/D
Ghana,2002,Tax effort (ratio),0.32
Ghana,2003,Tax effort (ratio),0.37
Ghana,2004,Tax effort (ratio),0.42
Ghana,2005,Tax effort (ratio),0.41
Ghana,2006,Tax effort (ratio),0.36
Ghana,2007,Tax effort (ratio),0.35
Ghana,2008,Tax effort (ratio),0.35
Ghana,2009,Tax effort (ratio),0.35
Ghana,2010,Tax effort (ratio),0.36
Ghana,2011,Tax effort (ratio),0.39
Ghana,2012,Tax effort (ratio),0.39
Ghana,2013,Tax effort (ratio),0.37
Ghana,2014,Tax effort (ratio),0.38
Ghana,2015,Tax effort (ratio),0.4
Ghana,2016,Tax effort (ratio),0.4
Ghana,2017,Tax effort (ratio),0.4
Ghana,2018,Tax effort (ratio),0.41
Ghana,2019,Tax effort (ratio),0.39
Ghana,2020,Tax effort (ratio),0.4
Ghana,2021,Tax effort (ratio),0.44
Ghana,2022,Tax effort (ratio),0.43
Ghana,2023,Tax effort (ratio),N/D
Guinea,2000,Tax effort (ratio),0.32
Guinea,2001,Tax effort (ratio),N/D
Guinea,2002,Tax effort (ratio),0.36
Guinea,2003,Tax effort (ratio),0.31
Guinea,2004,Tax effort (ratio),0.33
Guinea,2005,Tax effort (ratio),0.37
Guinea,2006,Tax effort (ratio),0.36
Guinea,2007,Tax effort (ratio),0.35
Guinea,2008,Tax effort (ratio),0.37
Guinea,2009,Tax effort (ratio),0.39
Guinea,2010,Tax effort (ratio),0.39
Guinea,2011,Tax effort (ratio),0.43
Guinea,2012,Tax effort (ratio),0.55
Guinea,2013,Tax effort (ratio),0.5
Guinea,2014,Tax effort (ratio),0.49
Guinea,2015,Tax effort (ratio),0.49
Guinea,2016,Tax effort (ratio),0.51
Guinea,2017,Tax effort (ratio),0.5
Guinea,2018,Tax effort (ratio),0.5
Guinea,2019,Tax effort (ratio),0.51
Guinea,2020,Tax effort (ratio),0.48
Guinea,2021,Tax effort (ratio),0.48
Guinea,2022,Tax effort (ratio),0.45
Guinea,2023,Tax effort (ratio),N/D
Guinea-Bissau,2000,Tax effort (ratio),0.31
Guinea-Bissau,2001,Tax effort (ratio),N/D
Guinea-Bissau,2002,Tax effort (ratio),0.19
Guinea-Bissau,2003,Tax effort (ratio),0.19
Guinea-Bissau,2004,Tax effort (ratio),0.2
Guinea-Bissau,2005,Tax effort (ratio),0.29
Guinea-Bissau,2006,Tax effort (ratio),0.29
Guinea-Bissau,2007,Tax effort (ratio),0.26
Guinea-Bissau,2008,Tax effort (ratio),0.25
Guinea-Bissau,2009,Tax effort (ratio),0.33
Guinea-Bissau,2010,Tax effort (ratio),0.38
Guinea-Bissau,2011,Tax effort (ratio),0.38
Guinea-Bissau,2012,Tax effort (ratio),0.39
Guinea-Bissau,2013,Tax effort (ratio),0.34
Guinea-Bissau,2014,Tax effort (ratio),0.4
Guinea-Bissau,2015,Tax effort (ratio),0.49
Guinea-Bissau,2016,Tax effort (ratio),0.46
Guinea-Bissau,2017,Tax effort (ratio),0.53
Guinea-Bissau,2018,Tax effort (ratio),0.4
Guinea-Bissau,2019,Tax effort (ratio),0.41
Guinea-Bissau,2020,Tax effort (ratio),0.35
Guinea-Bissau,2021,Tax effort (ratio),N/D
Guinea-Bissau,2022,Tax effort (ratio),N/D
Guinea-Bissau,2023,Tax effort (ratio),N/D
Kenya,2000,Tax effort (ratio),0.35
Kenya,2001,Tax effort (ratio),N/D
Kenya,2002,Tax effort (ratio),0.33
Kenya,2003,Tax effort (ratio),0.34
Kenya,2004,Tax effort (ratio),0.37
Kenya,2005,Tax effort (ratio),0.37
Kenya,2006,Tax effort (ratio),0.36
Kenya,2007,Tax effort (ratio),0.38
Kenya,2008,Tax effort (ratio),0.46
Kenya,2009,Tax effort (ratio),0.5
Kenya,2010,Tax effort (ratio),0.52
Kenya,2011,Tax effort (ratio),0.53
Kenya,2012,Tax effort (ratio),0.52
Kenya,2013,Tax effort (ratio),0.54
Kenya,2014,Tax effort (ratio),0.55
Kenya,2015,Tax effort (ratio),0.55
Kenya,2016,Tax effort (ratio),0.56
Kenya,2017,Tax effort (ratio),0.55
Kenya,2018,Tax effort (ratio),0.52
Kenya,2019,Tax effort (ratio),0.5
Kenya,2020,Tax effort (ratio),0.49
Kenya,2021,Tax effort (ratio),0.53
Kenya,2022,Tax effort (ratio),0.52
Kenya,2023,Tax effort (ratio),N/D
Lesotho,2000,Tax effort (ratio),N/D
Lesotho,2001,Tax effort (ratio),N/D
Lesotho,2002,Tax effort (ratio),N/D
Lesotho,2003,Tax effort (ratio),N/D
Lesotho,2004,Tax effort (ratio),N/D
Lesotho,2005,Tax effort (ratio),N/D
Lesotho,2006,Tax effort (ratio),N/D
Lesotho,2007,Tax effort (ratio),N/D
Lesotho,2008,Tax effort (ratio),N/D
Lesotho,2009,Tax effort (ratio),N/D
Lesotho,2010,Tax effort (ratio),N/D
Lesotho,2011,Tax effort (ratio),N/D
Lesotho,2012,Tax effort (ratio),N/D
Lesotho,2013,Tax effort (ratio),N/D
Lesotho,2014,Tax effort (ratio),N/D
Lesotho,2015,Tax effort (ratio),N/D
Lesotho,2016,Tax effort (ratio),N/D
Lesotho,2017,Tax effort (ratio),N/D
Lesotho,2018,Tax effort (ratio),N/D
Lesotho,2019,Tax effort (ratio),N/D
Lesotho,2020,Tax effort (ratio),N/D
Lesotho,2021,Tax effort (ratio),N/D
Lesotho,2022,Tax effort (ratio),N/D
Lesotho,2023,Tax effort (ratio),N/D
Liberia,2000,Tax effort (ratio),N/D
Liberia,2001,Tax effort (ratio),N/D
Liberia,2002,Tax effort (ratio),N/D
Liberia,2003,Tax effort (ratio),N/D
Liberia,2004,Tax effort (ratio),N/D
Liberia,2005,Tax effort (ratio),N/D
Liberia,2006,Tax effort (ratio),N/D
Liberia,2007,Tax effort (ratio),N/D
Liberia,2008,Tax effort (ratio),N/D
Liberia,2009,Tax effort (ratio),N/D
Liberia,2010,Tax effort (ratio),N/D
Liberia,2011,Tax effort (ratio),N/D
Liberia,2012,Tax effort (ratio),N/D
Liberia,2013,Tax effort (ratio),N/D
Liberia,2014,Tax effort (ratio),N/D
Liberia,2015,Tax effort (ratio),N/D
Liberia,2016,Tax effort (ratio),N/D
Liberia,2017,Tax effort (ratio),N/D
Liberia,2018,Tax effort (ratio),N/D
Liberia,2019,Tax effort (ratio),N/D
Liberia,2020,Tax effort (ratio),N/D
Liberia,2021,Tax effort (ratio),N/D
Liberia,2022,Tax effort (ratio),N/D
Liberia,2023,Tax effort (ratio),N/D
Libya,2000,Tax effort (ratio),N/D
Libya,2001,Tax effort (ratio),N/D
Libya,2002,Tax effort (ratio),N/D
Libya,2003,Tax effort (ratio),N/D
Libya,2004,Tax effort (ratio),N/D
Libya,2005,Tax effort (ratio),N/D
Libya,2006,Tax effort (ratio),N/D
Libya,2007,Tax effort (ratio),N/D
Libya,2008,Tax effort (ratio),N/D
Libya,2009,Tax effort (ratio),N/D
Libya,2010,Tax effort (ratio),N/D
Libya,2011,Tax effort (ratio),N/D
Libya,2012,Tax effort (ratio),N/D
Libya,2013,Tax effort (ratio),N/D
Libya,2014,Tax effort (ratio),N/D
Libya,2015,Tax effort (ratio),N/D
Libya,2016,Tax effort (ratio),N/D
Libya,2017,Tax effort (ratio),N/D
Libya,2018,Tax effort (ratio),N/D
Libya,2019,Tax effort (ratio),N/D
Libya,2020,Tax effort (ratio),N/D
Libya,2021,Tax effort (ratio),N/D
Libya,2022,Tax effort (ratio),N/D
Libya,2023,Tax effort (ratio),N/D
Madagascar,2000,Tax effort (ratio),0.43
Madagascar,2001,Tax effort (ratio),N/D
Madagascar,2002,Tax effort (ratio),0.29
Madagascar,2003,Tax effort (ratio),0.39
Madagascar,2004,Tax effort (ratio),0.41
Madagascar,2005,Tax effort (ratio),0.37
Madagascar,2006,Tax effort (ratio),0.39
Madagascar,2007,Tax effort (ratio),0.4
Madagascar,2008,Tax effort (ratio),0.41
Madagascar,2009,Tax effort (ratio),0.35
Madagascar,2010,Tax effort (ratio),0.35
Madagascar,2011,Tax effort (ratio),0.34
Madagascar,2012,Tax effort (ratio),0.32
Madagascar,2013,Tax effort (ratio),0.32
Madagascar,2014,Tax effort (ratio),0.34
Madagascar,2015,Tax effort (ratio),0.34
Madagascar,2016,Tax effort (ratio),0.36
Madagascar,2017,Tax effort (ratio),0.39
Madagascar,2018,Tax effort (ratio),0.4
Madagascar,2019,Tax effort (ratio),0.4
Madagascar,2020,Tax effort (ratio),0.37
Madagascar,2021,Tax effort (ratio),0.39
Madagascar,2022,Tax effort (ratio),0.34
Madagascar,2023,Tax effort (ratio),N/D
Malawi,2000,Tax effort (ratio),N/D
Malawi,2001,Tax effort (ratio),N/D
Malawi,2002,Tax effort (ratio),N/D
Malawi,2003,Tax effort (ratio),N/D
Malawi,2004,Tax effort (ratio),N/D
Malawi,2005,Tax effort (ratio),N/D
Malawi,2006,Tax effort (ratio),N/D
Malawi,2007,Tax effort (ratio),N/D
Malawi,2008,Tax effort (ratio),N/D
Malawi,2009,Tax effort (ratio),N/D
Malawi,2010,Tax effort (ratio),N/D
Malawi,2011,Tax effort (ratio),N/D
Malawi,2012,Tax effort (ratio),N/D
Malawi,2013,Tax effort (ratio),N/D
Malawi,2014,Tax effort (ratio),N/D
Malawi,2015,Tax effort (ratio),N/D
Malawi,2016,Tax effort (ratio),N/D
Malawi,2017,Tax effort (ratio),N/D
Malawi,2018,Tax effort (ratio),N/D
Malawi,2019,Tax effort (ratio),N/D
Malawi,2020,Tax effort (ratio),N/D
Malawi,2021,Tax effort (ratio),N/D
Malawi,2022,Tax effort (ratio),N/D
Malawi,2023,Tax effort (ratio),N/D
Mali,2000,Tax effort (ratio),0.51
Mali,2001,Tax effort (ratio),N/D
Mali,2002,Tax effort (ratio),0.53
Mali,2003,Tax effort (ratio),0.58
Mali,2004,Tax effort (ratio),0.62
Mali,2005,Tax effort (ratio),0.63
Mali,2006,Tax effort (ratio),0.59
Mali,2007,Tax effort (ratio),0.57
Mali,2008,Tax effort (ratio),0.55
Mali,2009,Tax effort (ratio),0.6
Mali,2010,Tax effort (ratio),0.6
Mali,2011,Tax effort (ratio),0.57
Mali,2012,Tax effort (ratio),0.61
Mali,2013,Tax effort (ratio),0.61
Mali,2014,Tax effort (ratio),0.63
Mali,2015,Tax effort (ratio),0.7
Mali,2016,Tax effort (ratio),0.75
Mali,2017,Tax effort (ratio),0.76
Mali,2018,Tax effort (ratio),0.59
Mali,2019,Tax effort (ratio),0.73
Mali,2020,Tax effort (ratio),0.69
Mali,2021,Tax effort (ratio),0.73
Mali,2022,Tax effort (ratio),0.65
Mali,2023,Tax effort (ratio),N/D
Mauritania,2000,Tax effort (ratio),0.33
Mauritania,2001,Tax effort (ratio),N/D
Mauritania,2002,Tax effort (ratio),0.34
Mauritania,2003,Tax effort (ratio),0.33
Mauritania,2004,Tax effort (ratio),0.36
Mauritania,2005,Tax effort (ratio),0.36
Mauritania,2006,Tax effort (ratio),0.33
Mauritania,2007,Tax effort (ratio),0.34
Mauritania,2008,Tax effort (ratio),0.34
Mauritania,2009,Tax effort (ratio),0.32
Mauritania,2010,Tax effort (ratio),0.36
Mauritania,2011,Tax effort (ratio),0.34
Mauritania,2012,Tax effort (ratio),0.44
Mauritania,2013,Tax effort (ratio),0.44
Mauritania,2014,Tax effort (ratio),0.53
Mauritania,2015,Tax effort (ratio),0.53
Mauritania,2016,Tax effort (ratio),0.51
Mauritania,2017,Tax effort (ratio),0.53
Mauritania,2018,Tax effort (ratio),0.57
Mauritania,2019,Tax effort (ratio),0.49
Mauritania,2020,Tax effort (ratio),0.47
Mauritania,2021,Tax effort (ratio),0.39
Mauritania,2022,Tax effort (ratio),0.46
Mauritania,2023,Tax effort (ratio),N/D
Mauritius,2000,Tax effort (ratio),0.38
Mauritius,2001,Tax effort (ratio),N/D
Mauritius,2002,Tax effort (ratio),0.37
Mauritius,2003,Tax effort (ratio),0.39
Mauritius,2004,Tax effort (ratio),0.39
Mauritius,2005,Tax effort (ratio),0.4
Mauritius,2006,Tax effort (ratio),0.38
Mauritius,2007,Tax effort (ratio),0.39
Mauritius,2008,Tax effort (ratio),0.4
Mauritius,2009,Tax effort (ratio),0.42
Mauritius,2010,Tax effort (ratio),0.4
Mauritius,2011,Tax effort (ratio),0.4
Mauritius,2012,Tax effort (ratio),0.42
Mauritius,2013,Tax effort (ratio),0.41
Mauritius,2014,Tax effort (ratio),0.41
Mauritius,2015,Tax effort (ratio),0.43
Mauritius,2016,Tax effort (ratio),0.44
Mauritius,2017,Tax effort (ratio),0.45
Mauritius,2018,Tax effort (ratio),0.46
Mauritius,2019,Tax effort (ratio),0.42
Mauritius,2020,Tax effort (ratio),0.44
Mauritius,2021,Tax effort (ratio),0.41
Mauritius,2022,Tax effort (ratio),0.4
Mauritius,2023,Tax effort (ratio),N/D
Morocco,2000,Tax effort (ratio),0.61
Morocco,2001,Tax effort (ratio),N/D
Morocco,2002,Tax effort (ratio),0.56
Morocco,2003,Tax effort (ratio),0.56
Morocco,2004,Tax effort (ratio),0.55
Morocco,2005,Tax effort (ratio),0.6
Morocco,2006,Tax effort (ratio),0.62
Morocco,2007,Tax effort (ratio),0.66
Morocco,2008,Tax effort (ratio),0.74
Morocco,2009,Tax effort (ratio),0.66
Morocco,2010,Tax effort (ratio),0.64
Morocco,2011,Tax effort (ratio),0.65
Morocco,2012,Tax effort (ratio),0.66
Morocco,2013,Tax effort (ratio),0.63
Morocco,2014,Tax effort (ratio),0.6
Morocco,2015,Tax effort (ratio),0.59
Morocco,2016,Tax effort (ratio),0.58
Morocco,2017,Tax effort (ratio),0.6
Morocco,2018,Tax effort (ratio),0.6
Morocco,2019,Tax effort (ratio),0.59
Morocco,2020,Tax effort (ratio),0.59
Morocco,2021,Tax effort (ratio),0.55
Morocco,2022,Tax effort (ratio),0.57
Morocco,2023,Tax effort (ratio),N/D
Mozambique,2000,Tax effort (ratio),N/D
Mozambique,2001,Tax effort (ratio),N/D
Mozambique,2002,Tax effort (ratio),N/D
Mozambique,2003,Tax effort (ratio),N/D
Mozambique,2004,Tax effort (ratio),N/D
Mozambique,2005,Tax effort (ratio),N/D
Mozambique,2006,Tax effort (ratio),N/D
Mozambique,2007,Tax effort (ratio),N/D
Mozambique,2008,Tax effort (ratio),N/D
Mozambique,2009,Tax effort (ratio),N/D
Mozambique,2010,Tax effort (ratio),N/D
Mozambique,2011,Tax effort (ratio),N/D
Mozambique,2012,Tax effort (ratio),N/D
Mozambique,2013,Tax effort (ratio),N/D
Mozambique,2014,Tax effort (ratio),N/D
Mozambique,2015,Tax effort (ratio),N/D
Mozambique,2016,Tax effort (ratio),N/D
Mozambique,2017,Tax effort (ratio),N/D
Mozambique,2018,Tax effort (ratio),N/D
Mozambique,2019,Tax effort (ratio),N/D
Mozambique,2020,Tax effort (ratio),N/D
Mozambique,2021,Tax effort (ratio),N/D
Mozambique,2022,Tax effort (ratio),N/D
Mozambique,2023,Tax effort (ratio),N/D
Namibia,2000,Tax effort (ratio),0.82
Namibia,2001,Tax effort (ratio),N/D
Namibia,2002,Tax effort (ratio),0.77
Namibia,2003,Tax effort (ratio),0.71
Namibia,2004,Tax effort (ratio),0.7
Namibia,2005,Tax effort (ratio),0.75
Namibia,2006,Tax effort (ratio),0.8
Namibia,2007,Tax effort (ratio),0.83
Namibia,2008,Tax effort (ratio),0.8
Namibia,2009,Tax effort (ratio),0.8
Namibia,2010,Tax effort (ratio),0.72
Namibia,2011,Tax effort (ratio),0.78
Namibia,2012,Tax effort (ratio),0.91
Namibia,2013,Tax effort (ratio),0.84
Namibia,2014,Tax effort (ratio),0.9
Namibia,2015,Tax effort (ratio),0.89
Namibia,2016,Tax effort (ratio),0.82
Namibia,2017,Tax effort (ratio),0.85
Namibia,2018,Tax effort (ratio),0.8
Namibia,2019,Tax effort (ratio),0.82
Namibia,2020,Tax effort (ratio),0.88
Namibia,2021,Tax effort (ratio),0.8
Namibia,2022,Tax effort (ratio),0.74
Namibia,2023,Tax effort (ratio),N/D
Niger,2000,Tax effort (ratio),0.33
Niger,2001,Tax effort (ratio),N/D
Niger,2002,Tax effort (ratio),0.41
Niger,2003,Tax effort (ratio),0.42
Niger,2004,Tax effort (ratio),0.44
Niger,2005,Tax effort (ratio),0.41
Niger,2006,Tax effort (ratio),0.44
Niger,2007,Tax effort (ratio),0.44
Niger,2008,Tax effort (ratio),0.46
Niger,2009,Tax effort (ratio),0.5
Niger,2010,Tax effort (ratio),0.47
Niger,2011,Tax effort (ratio),0.48
Niger,2012,Tax effort (ratio),0.51
Niger,2013,Tax effort (ratio),0.56
Niger,2014,Tax effort (ratio),0.59
Niger,2015,Tax effort (ratio),0.58
Niger,2016,Tax effort (ratio),0.5
Niger,2017,Tax effort (ratio),0.49
Niger,2018,Tax effort (ratio),0.57
Niger,2019,Tax effort (ratio),0.53
Niger,2020,Tax effort (ratio),0.5
Niger,2021,Tax effort (ratio),0.51
Niger,2022,Tax effort (ratio),0.52
Niger,2023,Tax effort (ratio),N/D
Nigeria,2000,Tax effort (ratio),N/D
Nigeria,2001,Tax effort (ratio),N/D
Nigeria,2002,Tax effort (ratio),N/D
Nigeria,2003,Tax effort (ratio),N/D
Nigeria,2004,Tax effort (ratio),N/D
Nigeria,2005,Tax effort (ratio),N/D
Nigeria,2006,Tax effort (ratio),N/D
Nigeria,2007,Tax effort (ratio),N/D
Nigeria,2008,Tax effort (ratio),N/D
Nigeria,2009,Tax effort (ratio),N/D
Nigeria,2010,Tax effort (ratio),N/D
Nigeria,2011,Tax effort (ratio),N/D
Nigeria,2012,Tax effort (ratio),N/D
Nigeria,2013,Tax effort (ratio),N/D
Nigeria,2014,Tax effort (ratio),N/D
Nigeria,2015,Tax effort (ratio),N/D
Nigeria,2016,Tax effort (ratio),N/D
Nigeria,2017,Tax effort (ratio),N/D
Nigeria,2018,Tax effort (ratio),N/D
Nigeria,2019,Tax effort (ratio),N/D
Nigeria,2020,Tax effort (ratio),N/D
Nigeria,2021,Tax effort (ratio),N/D
Nigeria,2022,Tax effort (ratio),N/D
Nigeria,2023,Tax effort (ratio),N/D
Rwanda,2000,Tax effort (ratio),0.38
Rwanda,2001,Tax effort (ratio),N/D
Rwanda,2002,Tax effort (ratio),0.46
Rwanda,2003,Tax effort (ratio),0.46
Rwanda,2004,Tax effort (ratio),0.45
Rwanda,2005,Tax effort (ratio),0.45
Rwanda,2006,Tax effort (ratio),0.45
Rwanda,2007,Tax effort (ratio),0.43
Rwanda,2008,Tax effort (ratio),0.45
Rwanda,2009,Tax effort (ratio),0.44
Rwanda,2010,Tax effort (ratio),0.44
Rwanda,2011,Tax effort (ratio),0.46
Rwanda,2012,Tax effort (ratio),0.52
Rwanda,2013,Tax effort (ratio),0.53
Rwanda,2014,Tax effort (ratio),0.54
Rwanda,2015,Tax effort (ratio),0.56
Rwanda,2016,Tax effort (ratio),0.57
Rwanda,2017,Tax effort (ratio),0.57
Rwanda,2018,Tax effort (ratio),0.58
Rwanda,2019,Tax effort (ratio),0.58
Rwanda,2020,Tax effort (ratio),0.55
Rwanda,2021,Tax effort (ratio),0.53
Rwanda,2022,Tax effort (ratio),0.51
Rwanda,2023,Tax effort (ratio),N/D
Sao Tome and Principe,2000,Tax effort (ratio),N/D
Sao Tome and Principe,2001,Tax effort (ratio),N/D
Sao Tome and Principe,2002,Tax effort (ratio),N/D
Sao Tome and Principe,2003,Tax effort (ratio),N/D
Sao Tome and Principe,2004,Tax effort (ratio),N/D
Sao Tome and Principe,2005,Tax effort (ratio),N/D
Sao Tome and Principe,2006,Tax effort (ratio),N/D
Sao Tome and Principe,2007,Tax effort (ratio),N/D
Sao Tome and Principe,2008,Tax effort (ratio),N/D
Sao Tome and Principe,2009,Tax effort (ratio),N/D
Sao Tome and Principe,2010,Tax effort (ratio),N/D
Sao Tome and Principe,2011,Tax effort (ratio),N/D
Sao Tome and Principe,2012,Tax effort (ratio),N/D
Sao Tome and Principe,2013,Tax effort (ratio),N/D
Sao Tome and Principe,2014,Tax effort (ratio),N/D
Sao Tome and Principe,2015,Tax effort (ratio),N/D
Sao Tome and Principe,2016,Tax effort (ratio),N/D
Sao Tome and Principe,2017,Tax effort (ratio),N/D
Sao Tome and Principe,2018,Tax effort (ratio),N/D
Sao Tome and Principe,2019,Tax effort (ratio),N/D
Sao Tome and Principe,2020,Tax effort (ratio),N/D
Sao Tome and Principe,2021,Tax effort (ratio),N/D
Sao Tome and Principe,2022,Tax effort (ratio),N/D
Sao Tome and Principe,2023,Tax effort (ratio),N/D
Senegal,2000,Tax effort (ratio),0.46
Senegal,2001,Tax effort (ratio),N/D
Senegal,2002,Tax effort (ratio),0.44
Senegal,2003,Tax effort (ratio),0.47
Senegal,2004,Tax effort (ratio),0.48
Senegal,2005,Tax effort (ratio),0.51
Senegal,2006,Tax effort (ratio),0.52
Senegal,2007,Tax effort (ratio),0.56
Senegal,2008,Tax effort (ratio),0.51
Senegal,2009,Tax effort (ratio),0.51
Senegal,2010,Tax effort (ratio),0.54
Senegal,2011,Tax effort (ratio),0.53
Senegal,2012,Tax effort (ratio),0.53
Senegal,2013,Tax effort (ratio),0.49
Senegal,2014,Tax effort (ratio),0.51
Senegal,2015,Tax effort (ratio),0.52
Senegal,2016,Tax effort (ratio),0.54
Senegal,2017,Tax effort (ratio),0.52
Senegal,2018,Tax effort (ratio),0.53
Senegal,2019,Tax effort (ratio),0.6
Senegal,2020,Tax effort (ratio),0.57
Senegal,2021,Tax effort (ratio),0.57
Senegal,2022,Tax effort (ratio),0.61
Senegal,2023,Tax effort (ratio),N/D
Seychelles,2000,Tax effort (ratio),0.6
Seychelles,2001,Tax effort (ratio),N/D
Seychelles,2002,Tax effort (ratio),0.58
Seychelles,2003,Tax effort (ratio),0.68
Seychelles,2004,Tax effort (ratio),0.62
Seychelles,2005,Tax effort (ratio),0.57
Seychelles,2006,Tax effort (ratio),0.53
Seychelles,2007,Tax effort (ratio),0.5
Seychelles,2008,Tax effort (ratio),0.5
Seychelles,2009,Tax effort (ratio),0.53
Seychelles,2010,Tax effort (ratio),0.67
Seychelles,2011,Tax effort (ratio),0.76
Seychelles,2012,Tax effort (ratio),0.71
Seychelles,2013,Tax effort (ratio),0.61
Seychelles,2014,Tax effort (ratio),0.63
Seychelles,2015,Tax effort (ratio),0.62
Seychelles,2016,Tax effort (ratio),0.67
Seychelles,2017,Tax effort (ratio),0.65
Seychelles,2018,Tax effort (ratio),0.68
Seychelles,2019,Tax effort (ratio),0.69
Seychelles,2020,Tax effort (ratio),0.66
Seychelles,2021,Tax effort (ratio),0.55
Seychelles,2022,Tax effort (ratio),0.54
Seychelles,2023,Tax effort (ratio),N/D
Sierra Leone,2000,Tax effort (ratio),0.42
Sierra Leone,2001,Tax effort (ratio),N/D
Sierra Leone,2002,Tax effort (ratio),0.47
Sierra Leone,2003,Tax effort (ratio),0.46
Sierra Leone,2004,Tax effort (ratio),0.47
Sierra Leone,2005,Tax effort (ratio),0.44
Sierra Leone,2006,Tax effort (ratio),0.45
Sierra Leone,2007,Tax effort (ratio),0.43
Sierra Leone,2008,Tax effort (ratio),0.48
Sierra Leone,2009,Tax effort (ratio),0.48
Sierra Leone,2010,Tax effort (ratio),0.51
Sierra Leone,2011,Tax effort (ratio),0.62
Sierra Leone,2012,Tax effort (ratio),0.58
Sierra Leone,2013,Tax effort (ratio),0.51
Sierra Leone,2014,Tax effort (ratio),0.49
Sierra Leone,2015,Tax effort (ratio),0.59
Sierra Leone,2016,Tax effort (ratio),0.64
Sierra Leone,2017,Tax effort (ratio),0.64
Sierra Leone,2018,Tax effort (ratio),0.67
Sierra Leone,2019,Tax effort (ratio),0.69
Sierra Leone,2020,Tax effort (ratio),0.65
Sierra Leone,2021,Tax effort (ratio),0.69
Sierra Leone,2022,Tax effort (ratio),0.59
Sierra Leone,2023,Tax effort (ratio),N/D
Somalia,2000,Tax effort (ratio),N/D
Somalia,2001,Tax effort (ratio),N/D
Somalia,2002,Tax effort (ratio),N/D
Somalia,2003,Tax effort (ratio),N/D
Somalia,2004,Tax effort (ratio),N/D
Somalia,2005,Tax effort (ratio),N/D
Somalia,2006,Tax effort (ratio),N/D
Somalia,2007,Tax effort (ratio),N/D
Somalia,2008,Tax effort (ratio),N/D
Somalia,2009,Tax effort (ratio),N/D
Somalia,2010,Tax effort (ratio),N/D
Somalia,2011,Tax effort (ratio),N/D
Somalia,2012,Tax effort (ratio),N/D
Somalia,2013,Tax effort (ratio),N/D
Somalia,2014,Tax effort (ratio),N/D
Somalia,2015,Tax effort (ratio),N/D
Somalia,2016,Tax effort (ratio),N/D
Somalia,2017,Tax effort (ratio),N/D
Somalia,2018,Tax effort (ratio),N/D
Somalia,2019,Tax effort (ratio),N/D
Somalia,2020,Tax effort (ratio),N/D
Somalia,2021,Tax effort (ratio),N/D
Somalia,2022,Tax effort (ratio),N/D
Somalia,2023,Tax effort (ratio),N/D
South Africa,2000,Tax effort (ratio),0.52
South Africa,2001,Tax effort (ratio),N/D
South Africa,2002,Tax effort (ratio),0.51
South Africa,2003,Tax effort (ratio),0.49
South Africa,2004,Tax effort (ratio),0.5
South Africa,2005,Tax effort (ratio),0.6
South Africa,2006,Tax effort (ratio),0.62
South Africa,2007,Tax effort (ratio),0.64
South Africa,2008,Tax effort (ratio),0.55
South Africa,2009,Tax effort (ratio),0.51
South Africa,2010,Tax effort (ratio),0.51
South Africa,2011,Tax effort (ratio),0.52
South Africa,2012,Tax effort (ratio),0.61
South Africa,2013,Tax effort (ratio),0.62
South Africa,2014,Tax effort (ratio),0.64
South Africa,2015,Tax effort (ratio),0.65
South Africa,2016,Tax effort (ratio),0.65
South Africa,2017,Tax effort (ratio),0.56
South Africa,2018,Tax effort (ratio),0.57
South Africa,2019,Tax effort (ratio),0.58
South Africa,2020,Tax effort (ratio),0.54
South Africa,2021,Tax effort (ratio),0.69
South Africa,2022,Tax effort (ratio),N/D
South Africa,2023,Tax effort (ratio),N/D
South Sudan,2000,Tax effort (ratio),N/D
South Sudan,2001,Tax effort (ratio),N/D
South Sudan,2002,Tax effort (ratio),N/D
South Sudan,2003,Tax effort (ratio),N/D
South Sudan,2004,Tax effort (ratio),N/D
South Sudan,2005,Tax effort (ratio),N/D
South Sudan,2006,Tax effort (ratio),N/D
South Sudan,2007,Tax effort (ratio),N/D
South Sudan,2008,Tax effort (ratio),N/D
South Sudan,2009,Tax effort (ratio),N/D
South Sudan,2010,Tax effort (ratio),N/D
South Sudan,2011,Tax effort (ratio),N/D
South Sudan,2012,Tax effort (ratio),N/D
South Sudan,2013,Tax effort (ratio),N/D
South Sudan,2014,Tax effort (ratio),N/D
South Sudan,2015,Tax effort (ratio),N/D
South Sudan,2016,Tax effort (ratio),N/D
South Sudan,2017,Tax effort (ratio),N/D
South Sudan,2018,Tax effort (ratio),N/D
South Sudan,2019,Tax effort (ratio),N/D
South Sudan,2020,Tax effort (ratio),N/D
South Sudan,2021,Tax effort (ratio),N/D
South Sudan,2022,Tax effort (ratio),N/D
South Sudan,2023,Tax effort (ratio),N/D
Sudan,2000,Tax effort (ratio),0.24
Sudan,2001,Tax effort (ratio),N/D
Sudan,2002,Tax effort (ratio),0.22
Sudan,2003,Tax effort (ratio),0.24
Sudan,2004,Tax effort (ratio),0.32
Sudan,2005,Tax effort (ratio),0.29
Sudan,2006,Tax effort (ratio),0.27
Sudan,2007,Tax effort (ratio),0.25
Sudan,2008,Tax effort (ratio),0.27
Sudan,2009,Tax effort (ratio),0.29
Sudan,2010,Tax effort (ratio),0.26
Sudan,2011,Tax effort (ratio),0.23
Sudan,2012,Tax effort (ratio),0.25
Sudan,2013,Tax effort (ratio),0.28
Sudan,2014,Tax effort (ratio),0.26
Sudan,2015,Tax effort (ratio),0.27
Sudan,2016,Tax effort (ratio),0.19
Sudan,2017,Tax effort (ratio),0.21
Sudan,2018,Tax effort (ratio),0.28
Sudan,2019,Tax effort (ratio),0.22
Sudan,2020,Tax effort (ratio),0.12
Sudan,2021,Tax effort (ratio),N/D
Sudan,2022,Tax effort (ratio),N/D
Sudan,2023,Tax effort (ratio),N/D
Togo,2000,Tax effort (ratio),0.31
Togo,2001,Tax effort (ratio),N/D
Togo,2002,Tax effort (ratio),0.32
Togo,2003,Tax effort (ratio),0.37
Togo,2004,Tax effort (ratio),0.43
Togo,2005,Tax effort (ratio),0.45
Togo,2006,Tax effort (ratio),0.47
Togo,2007,Tax effort (ratio),0.41
Togo,2008,Tax effort (ratio),0.4
Togo,2009,Tax effort (ratio),0.38
Togo,2010,Tax effort (ratio),0.38
Togo,2011,Tax effort (ratio),0.41
Togo,2012,Tax effort (ratio),0.43
Togo,2013,Tax effort (ratio),0.43
Togo,2014,Tax effort (ratio),0.44
Togo,2015,Tax effort (ratio),0.46
Togo,2016,Tax effort (ratio),0.46
Togo,2017,Tax effort (ratio),0.44
Togo,2018,Tax effort (ratio),0.45
Togo,2019,Tax effort (ratio),0.47
Togo,2020,Tax effort (ratio),0.44
Togo,2021,Tax effort (ratio),0.61
Togo,2022,Tax effort (ratio),N/D
Togo,2023,Tax effort (ratio),N/D
Tunisia,2000,Tax effort (ratio),0.54
Tunisia,2001,Tax effort (ratio),N/D
Tunisia,2002,Tax effort (ratio),0.51
Tunisia,2003,Tax effort (ratio),0.49
Tunisia,2004,Tax effort (ratio),0.49
Tunisia,2005,Tax effort (ratio),0.49
Tunisia,2006,Tax effort (ratio),0.47
Tunisia,2007,Tax effort (ratio),0.48
Tunisia,2008,Tax effort (ratio),0.51
Tunisia,2009,Tax effort (ratio),0.5
Tunisia,2010,Tax effort (ratio),0.5
Tunisia,2011,Tax effort (ratio),0.52
Tunisia,2012,Tax effort (ratio),0.53
Tunisia,2013,Tax effort (ratio),0.54
Tunisia,2014,Tax effort (ratio),0.58
Tunisia,2015,Tax effort (ratio),0.56
Tunisia,2016,Tax effort (ratio),0.54
Tunisia,2017,Tax effort (ratio),0.57
Tunisia,2018,Tax effort (ratio),0.6
Tunisia,2019,Tax effort (ratio),0.66
Tunisia,2020,Tax effort (ratio),0.66
Tunisia,2021,Tax effort (ratio),N/D
Tunisia,2022,Tax effort (ratio),N/D
Tunisia,2023,Tax effort (ratio),N/D
Uganda,2000,Tax effort (ratio),0.38
Uganda,2001,Tax effort (ratio),N/D
Uganda,2002,Tax effort (ratio),0.38
Uganda,2003,Tax effort (ratio),0.4
Uganda,2004,Tax effort (ratio),0.39
Uganda,2005,Tax effort (ratio),0.42
Uganda,2006,Tax effort (ratio),0.41
Uganda,2007,Tax effort (ratio),0.41
Uganda,2008,Tax effort (ratio),0.37
Uganda,2009,Tax effort (ratio),0.4
Uganda,2010,Tax effort (ratio),0.41
Uganda,2011,Tax effort (ratio),0.37
Uganda,2012,Tax effort (ratio),0.38
Uganda,2013,Tax effort (ratio),0.41
Uganda,2014,Tax effort (ratio),0.42
Uganda,2015,Tax effort (ratio),0.48
Uganda,2016,Tax effort (ratio),0.47
Uganda,2017,Tax effort (ratio),0.49
Uganda,2018,Tax effort (ratio),0.5
Uganda,2019,Tax effort (ratio),0.5
Uganda,2020,Tax effort (ratio),0.48
Uganda,2021,Tax effort (ratio),N/D
Uganda,2022,Tax effort (ratio),N/D
Uganda,2023,Tax effort (ratio),N/D
Zambia,2000,Tax effort (ratio),0.69
Zambia,2001,Tax effort (ratio),N/D
Zambia,2002,Tax effort (ratio),0.6
Zambia,2003,Tax effort (ratio),0.59
Zambia,2004,Tax effort (ratio),0.58
Zambia,2005,Tax effort (ratio),0.55
Zambia,2006,Tax effort (ratio),0.5
Zambia,2007,Tax effort (ratio),0.51
Zambia,2008,Tax effort (ratio),0.5
Zambia,2009,Tax effort (ratio),0.43
Zambia,2010,Tax effort (ratio),0.44
Zambia,2011,Tax effort (ratio),0.53
Zambia,2012,Tax effort (ratio),0.48
Zambia,2013,Tax effort (ratio),0.46
Zambia,2014,Tax effort (ratio),0.49
Zambia,2015,Tax effort (ratio),0.45
Zambia,2016,Tax effort (ratio),0.41
Zambia,2017,Tax effort (ratio),0.46
Zambia,2018,Tax effort (ratio),0.49
Zambia,2019,Tax effort (ratio),0.49
Zambia,2020,Tax effort (ratio),0.44
Zambia,2021,Tax effort (ratio),0.48
Zambia,2022,Tax effort (ratio),0.49
Zambia,2023,Tax effort (ratio),N/D
Zimbabwe,2000,Tax effort (ratio),N/D
Zimbabwe,2001,Tax effort (ratio),N/D
Zimbabwe,2002,Tax effort (ratio),N/D
Zimbabwe,2003,Tax effort (ratio),N/D
Zimbabwe,2004,Tax effort (ratio),N/D
Zimbabwe,2005,Tax effort (ratio),0.37
Zimbabwe,2006,Tax effort (ratio),0.24
Zimbabwe,2007,Tax effort (ratio),0.1
Zimbabwe,2008,Tax effort (ratio),0.07
Zimbabwe,2009,Tax effort (ratio),0.32
Zimbabwe,2010,Tax effort (ratio),0.57
Zimbabwe,2011,Tax effort (ratio),0.63
Zimbabwe,2012,Tax effort (ratio),0.62
Zimbabwe,2013,Tax effort (ratio),0.58
Zimbabwe,2014,Tax effort (ratio),0.6
Zimbabwe,2015,Tax effort (ratio),0.59
Zimbabwe,2016,Tax effort (ratio),0.52
Zimbabwe,2017,Tax effort (ratio),0.55
Zimbabwe,2018,Tax effort (ratio),0.68
Zimbabwe,2019,Tax effort (ratio),0.47
Zimbabwe,2020,Tax effort (ratio),0.43
Zimbabwe,2021,Tax effort (ratio),0.49
Zimbabwe,2022,Tax effort (ratio),N/D
Zimbabwe,2023,Tax effort (ratio),N/D
