Economy ISO3,Economy Name,Year,Value,Indicator ID,IndicatorLabel
BFA,Burkina Faso,Attribute 1,-,WB.PEFA.PI-2016-03,PEFA: PI-3 Revenue outturn
BWA,Botswana,Attribute 1,-,WB.PEFA.PI-2016-03,PEFA: PI-3 Revenue outturn
CIV,Cote d'Ivoire,Attribute 1,-,WB.PEFA.PI-2016-03,PEFA: PI-3 Revenue outturn
CMR,Cameroon,Attribute 1,-,WB.PEFA.PI-2016-03,PEFA: PI-3 Revenue outturn
ETH,Ethiopia,Attribute 1,-,WB.PEFA.PI-2016-03,PEFA: PI-3 Revenue outturn
GAB,Gabon,Attribute 1,-,WB.PEFA.PI-2016-03,PEFA: PI-3 Revenue outturn
GHA,Ghana,Attribute 1,-,WB.PEFA.PI-2016-03,PEFA: PI-3 Revenue outturn
GIN,Guinea,Attribute 1,-,WB.PEFA.PI-2016-03,PEFA: PI-3 Revenue outturn
KEN,Kenya,Attribute 1,-,WB.PEFA.PI-2016-03,PEFA: PI-3 Revenue outturn
LBR,Liberia,Attribute 1,-,WB.PEFA.PI-2016-03,PEFA: PI-3 Revenue outturn
LSO,Lesotho,Attribute 1,-,WB.PEFA.PI-2016-03,PEFA: PI-3 Revenue outturn
MAR,Morocco,Attribute 1,-,WB.PEFA.PI-2016-03,PEFA: PI-3 Revenue outturn
MDG,Madagascar,Attribute 1,-,WB.PEFA.PI-2016-03,PEFA: PI-3 Revenue outturn
MLI,Mali,Attribute 1,-,WB.PEFA.PI-2016-03,PEFA: PI-3 Revenue outturn
MOZ,Mozambique,Attribute 1,-,WB.PEFA.PI-2016-03,PEFA: PI-3 Revenue outturn
MRT,Mauritania,Attribute 1,-,WB.PEFA.PI-2016-03,PEFA: PI-3 Revenue outturn
MWI,Malawi,Attribute 1,-,WB.PEFA.PI-2016-03,PEFA: PI-3 Revenue outturn
NER,Niger,Attribute 1,-,WB.PEFA.PI-2016-03,PEFA: PI-3 Revenue outturn
NGA,Nigeria,Attribute 1,-,WB.PEFA.PI-2016-03,PEFA: PI-3 Revenue outturn
RWA,Rwanda,Attribute 1,-,WB.PEFA.PI-2016-03,PEFA: PI-3 Revenue outturn
SEN,Senegal,Attribute 1,-,WB.PEFA.PI-2016-03,PEFA: PI-3 Revenue outturn
SLE,Sierra Leone,Attribute 1,-,WB.PEFA.PI-2016-03,PEFA: PI-3 Revenue outturn
SYC,Seychelles,Attribute 1,-,WB.PEFA.PI-2016-03,PEFA: PI-3 Revenue outturn
TCD,Chad,Attribute 1,-,WB.PEFA.PI-2016-03,PEFA: PI-3 Revenue outturn
TGO,Togo,Attribute 1,-,WB.PEFA.PI-2016-03,PEFA: PI-3 Revenue outturn
TZA,Tanzania,Attribute 1,-,WB.PEFA.PI-2016-03,PEFA: PI-3 Revenue outturn
UGA,Uganda,Attribute 1,-,WB.PEFA.PI-2016-03,PEFA: PI-3 Revenue outturn
ZMB,Zambia,Attribute 1,-,WB.PEFA.PI-2016-03,PEFA: PI-3 Revenue outturn
ZWE,Zimbabwe,Attribute 1,-,WB.PEFA.PI-2016-03,PEFA: PI-3 Revenue outturn
BFA,Burkina Faso,Attribute 2,-,WB.PEFA.PI-2016-03,PEFA: PI-3 Revenue outturn
BWA,Botswana,Attribute 2,-,WB.PEFA.PI-2016-03,PEFA: PI-3 Revenue outturn
CIV,Cote d'Ivoire,Attribute 2,-,WB.PEFA.PI-2016-03,PEFA: PI-3 Revenue outturn
CMR,Cameroon,Attribute 2,-,WB.PEFA.PI-2016-03,PEFA: PI-3 Revenue outturn
ETH,Ethiopia,Attribute 2,-,WB.PEFA.PI-2016-03,PEFA: PI-3 Revenue outturn
GAB,Gabon,Attribute 2,-,WB.PEFA.PI-2016-03,PEFA: PI-3 Revenue outturn
GHA,Ghana,Attribute 2,-,WB.PEFA.PI-2016-03,PEFA: PI-3 Revenue outturn
GIN,Guinea,Attribute 2,-,WB.PEFA.PI-2016-03,PEFA: PI-3 Revenue outturn
KEN,Kenya,Attribute 2,-,WB.PEFA.PI-2016-03,PEFA: PI-3 Revenue outturn
LBR,Liberia,Attribute 2,-,WB.PEFA.PI-2016-03,PEFA: PI-3 Revenue outturn
LSO,Lesotho,Attribute 2,-,WB.PEFA.PI-2016-03,PEFA: PI-3 Revenue outturn
MAR,Morocco,Attribute 2,-,WB.PEFA.PI-2016-03,PEFA: PI-3 Revenue outturn
MDG,Madagascar,Attribute 2,-,WB.PEFA.PI-2016-03,PEFA: PI-3 Revenue outturn
MLI,Mali,Attribute 2,-,WB.PEFA.PI-2016-03,PEFA: PI-3 Revenue outturn
MOZ,Mozambique,Attribute 2,-,WB.PEFA.PI-2016-03,PEFA: PI-3 Revenue outturn
MRT,Mauritania,Attribute 2,-,WB.PEFA.PI-2016-03,PEFA: PI-3 Revenue outturn
MWI,Malawi,Attribute 2,-,WB.PEFA.PI-2016-03,PEFA: PI-3 Revenue outturn
NER,Niger,Attribute 2,-,WB.PEFA.PI-2016-03,PEFA: PI-3 Revenue outturn
NGA,Nigeria,Attribute 2,-,WB.PEFA.PI-2016-03,PEFA: PI-3 Revenue outturn
RWA,Rwanda,Attribute 2,-,WB.PEFA.PI-2016-03,PEFA: PI-3 Revenue outturn
SEN,Senegal,Attribute 2,-,WB.PEFA.PI-2016-03,PEFA: PI-3 Revenue outturn
SLE,Sierra Leone,Attribute 2,-,WB.PEFA.PI-2016-03,PEFA: PI-3 Revenue outturn
SYC,Seychelles,Attribute 2,-,WB.PEFA.PI-2016-03,PEFA: PI-3 Revenue outturn
TCD,Chad,Attribute 2,-,WB.PEFA.PI-2016-03,PEFA: PI-3 Revenue outturn
TGO,Togo,Attribute 2,-,WB.PEFA.PI-2016-03,PEFA: PI-3 Revenue outturn
TZA,Tanzania,Attribute 2,-,WB.PEFA.PI-2016-03,PEFA: PI-3 Revenue outturn
UGA,Uganda,Attribute 2,-,WB.PEFA.PI-2016-03,PEFA: PI-3 Revenue outturn
ZMB,Zambia,Attribute 2,-,WB.PEFA.PI-2016-03,PEFA: PI-3 Revenue outturn
ZWE,Zimbabwe,Attribute 2,-,WB.PEFA.PI-2016-03,PEFA: PI-3 Revenue outturn
BFA,Burkina Faso,Attribute 3,-,WB.PEFA.PI-2016-03,PEFA: PI-3 Revenue outturn
BWA,Botswana,Attribute 3,-,WB.PEFA.PI-2016-03,PEFA: PI-3 Revenue outturn
CIV,Cote d'Ivoire,Attribute 3,-,WB.PEFA.PI-2016-03,PEFA: PI-3 Revenue outturn
CMR,Cameroon,Attribute 3,-,WB.PEFA.PI-2016-03,PEFA: PI-3 Revenue outturn
ETH,Ethiopia,Attribute 3,-,WB.PEFA.PI-2016-03,PEFA: PI-3 Revenue outturn
GAB,Gabon,Attribute 3,-,WB.PEFA.PI-2016-03,PEFA: PI-3 Revenue outturn
GHA,Ghana,Attribute 3,-,WB.PEFA.PI-2016-03,PEFA: PI-3 Revenue outturn
GIN,Guinea,Attribute 3,-,WB.PEFA.PI-2016-03,PEFA: PI-3 Revenue outturn
KEN,Kenya,Attribute 3,-,WB.PEFA.PI-2016-03,PEFA: PI-3 Revenue outturn
LBR,Liberia,Attribute 3,-,WB.PEFA.PI-2016-03,PEFA: PI-3 Revenue outturn
LSO,Lesotho,Attribute 3,-,WB.PEFA.PI-2016-03,PEFA: PI-3 Revenue outturn
MAR,Morocco,Attribute 3,-,WB.PEFA.PI-2016-03,PEFA: PI-3 Revenue outturn
MDG,Madagascar,Attribute 3,-,WB.PEFA.PI-2016-03,PEFA: PI-3 Revenue outturn
MLI,Mali,Attribute 3,-,WB.PEFA.PI-2016-03,PEFA: PI-3 Revenue outturn
MOZ,Mozambique,Attribute 3,-,WB.PEFA.PI-2016-03,PEFA: PI-3 Revenue outturn
MRT,Mauritania,Attribute 3,-,WB.PEFA.PI-2016-03,PEFA: PI-3 Revenue outturn
MWI,Malawi,Attribute 3,-,WB.PEFA.PI-2016-03,PEFA: PI-3 Revenue outturn
NER,Niger,Attribute 3,-,WB.PEFA.PI-2016-03,PEFA: PI-3 Revenue outturn
NGA,Nigeria,Attribute 3,-,WB.PEFA.PI-2016-03,PEFA: PI-3 Revenue outturn
RWA,Rwanda,Attribute 3,-,WB.PEFA.PI-2016-03,PEFA: PI-3 Revenue outturn
SEN,Senegal,Attribute 3,-,WB.PEFA.PI-2016-03,PEFA: PI-3 Revenue outturn
SLE,Sierra Leone,Attribute 3,-,WB.PEFA.PI-2016-03,PEFA: PI-3 Revenue outturn
SYC,Seychelles,Attribute 3,-,WB.PEFA.PI-2016-03,PEFA: PI-3 Revenue outturn
TCD,Chad,Attribute 3,-,WB.PEFA.PI-2016-03,PEFA: PI-3 Revenue outturn
TGO,Togo,Attribute 3,-,WB.PEFA.PI-2016-03,PEFA: PI-3 Revenue outturn
TZA,Tanzania,Attribute 3,-,WB.PEFA.PI-2016-03,PEFA: PI-3 Revenue outturn
UGA,Uganda,Attribute 3,-,WB.PEFA.PI-2016-03,PEFA: PI-3 Revenue outturn
ZMB,Zambia,Attribute 3,-,WB.PEFA.PI-2016-03,PEFA: PI-3 Revenue outturn
ZWE,Zimbabwe,Attribute 3,-,WB.PEFA.PI-2016-03,PEFA: PI-3 Revenue outturn
BFA,Burkina Faso,Partner,-,WB.PEFA.PI-2016-03,PEFA: PI-3 Revenue outturn
BWA,Botswana,Partner,-,WB.PEFA.PI-2016-03,PEFA: PI-3 Revenue outturn
CIV,Cote d'Ivoire,Partner,-,WB.PEFA.PI-2016-03,PEFA: PI-3 Revenue outturn
CMR,Cameroon,Partner,-,WB.PEFA.PI-2016-03,PEFA: PI-3 Revenue outturn
ETH,Ethiopia,Partner,-,WB.PEFA.PI-2016-03,PEFA: PI-3 Revenue outturn
GAB,Gabon,Partner,-,WB.PEFA.PI-2016-03,PEFA: PI-3 Revenue outturn
GHA,Ghana,Partner,-,WB.PEFA.PI-2016-03,PEFA: PI-3 Revenue outturn
GIN,Guinea,Partner,-,WB.PEFA.PI-2016-03,PEFA: PI-3 Revenue outturn
KEN,Kenya,Partner,-,WB.PEFA.PI-2016-03,PEFA: PI-3 Revenue outturn
LBR,Liberia,Partner,-,WB.PEFA.PI-2016-03,PEFA: PI-3 Revenue outturn
LSO,Lesotho,Partner,-,WB.PEFA.PI-2016-03,PEFA: PI-3 Revenue outturn
MAR,Morocco,Partner,-,WB.PEFA.PI-2016-03,PEFA: PI-3 Revenue outturn
MDG,Madagascar,Partner,-,WB.PEFA.PI-2016-03,PEFA: PI-3 Revenue outturn
MLI,Mali,Partner,-,WB.PEFA.PI-2016-03,PEFA: PI-3 Revenue outturn
MOZ,Mozambique,Partner,-,WB.PEFA.PI-2016-03,PEFA: PI-3 Revenue outturn
MRT,Mauritania,Partner,-,WB.PEFA.PI-2016-03,PEFA: PI-3 Revenue outturn
MWI,Malawi,Partner,-,WB.PEFA.PI-2016-03,PEFA: PI-3 Revenue outturn
NER,Niger,Partner,-,WB.PEFA.PI-2016-03,PEFA: PI-3 Revenue outturn
NGA,Nigeria,Partner,-,WB.PEFA.PI-2016-03,PEFA: PI-3 Revenue outturn
RWA,Rwanda,Partner,-,WB.PEFA.PI-2016-03,PEFA: PI-3 Revenue outturn
SEN,Senegal,Partner,-,WB.PEFA.PI-2016-03,PEFA: PI-3 Revenue outturn
SLE,Sierra Leone,Partner,-,WB.PEFA.PI-2016-03,PEFA: PI-3 Revenue outturn
SYC,Seychelles,Partner,-,WB.PEFA.PI-2016-03,PEFA: PI-3 Revenue outturn
TCD,Chad,Partner,-,WB.PEFA.PI-2016-03,PEFA: PI-3 Revenue outturn
TGO,Togo,Partner,-,WB.PEFA.PI-2016-03,PEFA: PI-3 Revenue outturn
TZA,Tanzania,Partner,-,WB.PEFA.PI-2016-03,PEFA: PI-3 Revenue outturn
UGA,Uganda,Partner,-,WB.PEFA.PI-2016-03,PEFA: PI-3 Revenue outturn
ZMB,Zambia,Partner,-,WB.PEFA.PI-2016-03,PEFA: PI-3 Revenue outturn
ZWE,Zimbabwe,Partner,-,WB.PEFA.PI-2016-03,PEFA: PI-3 Revenue outturn
BFA,Burkina Faso,2005,,WB.PEFA.PI-2016-03,PEFA: PI-3 Revenue outturn
BWA,Botswana,2005,,WB.PEFA.PI-2016-03,PEFA: PI-3 Revenue outturn
CIV,Cote d'Ivoire,2005,,WB.PEFA.PI-2016-03,PEFA: PI-3 Revenue outturn
CMR,Cameroon,2005,,WB.PEFA.PI-2016-03,PEFA: PI-3 Revenue outturn
ETH,Ethiopia,2005,,WB.PEFA.PI-2016-03,PEFA: PI-3 Revenue outturn
GAB,Gabon,2005,,WB.PEFA.PI-2016-03,PEFA: PI-3 Revenue outturn
GHA,Ghana,2005,,WB.PEFA.PI-2016-03,PEFA: PI-3 Revenue outturn
GIN,Guinea,2005,,WB.PEFA.PI-2016-03,PEFA: PI-3 Revenue outturn
KEN,Kenya,2005,,WB.PEFA.PI-2016-03,PEFA: PI-3 Revenue outturn
LBR,Liberia,2005,,WB.PEFA.PI-2016-03,PEFA: PI-3 Revenue outturn
LSO,Lesotho,2005,,WB.PEFA.PI-2016-03,PEFA: PI-3 Revenue outturn
MAR,Morocco,2005,,WB.PEFA.PI-2016-03,PEFA: PI-3 Revenue outturn
MDG,Madagascar,2005,,WB.PEFA.PI-2016-03,PEFA: PI-3 Revenue outturn
MLI,Mali,2005,,WB.PEFA.PI-2016-03,PEFA: PI-3 Revenue outturn
MOZ,Mozambique,2005,,WB.PEFA.PI-2016-03,PEFA: PI-3 Revenue outturn
MRT,Mauritania,2005,,WB.PEFA.PI-2016-03,PEFA: PI-3 Revenue outturn
MWI,Malawi,2005,,WB.PEFA.PI-2016-03,PEFA: PI-3 Revenue outturn
NER,Niger,2005,,WB.PEFA.PI-2016-03,PEFA: PI-3 Revenue outturn
NGA,Nigeria,2005,,WB.PEFA.PI-2016-03,PEFA: PI-3 Revenue outturn
RWA,Rwanda,2005,,WB.PEFA.PI-2016-03,PEFA: PI-3 Revenue outturn
SEN,Senegal,2005,,WB.PEFA.PI-2016-03,PEFA: PI-3 Revenue outturn
SLE,Sierra Leone,2005,,WB.PEFA.PI-2016-03,PEFA: PI-3 Revenue outturn
SYC,Seychelles,2005,,WB.PEFA.PI-2016-03,PEFA: PI-3 Revenue outturn
TCD,Chad,2005,,WB.PEFA.PI-2016-03,PEFA: PI-3 Revenue outturn
TGO,Togo,2005,,WB.PEFA.PI-2016-03,PEFA: PI-3 Revenue outturn
TZA,Tanzania,2005,,WB.PEFA.PI-2016-03,PEFA: PI-3 Revenue outturn
UGA,Uganda,2005,,WB.PEFA.PI-2016-03,PEFA: PI-3 Revenue outturn
ZMB,Zambia,2005,,WB.PEFA.PI-2016-03,PEFA: PI-3 Revenue outturn
ZWE,Zimbabwe,2005,,WB.PEFA.PI-2016-03,PEFA: PI-3 Revenue outturn
BFA,Burkina Faso,2006,,WB.PEFA.PI-2016-03,PEFA: PI-3 Revenue outturn
BWA,Botswana,2006,,WB.PEFA.PI-2016-03,PEFA: PI-3 Revenue outturn
CIV,Cote d'Ivoire,2006,,WB.PEFA.PI-2016-03,PEFA: PI-3 Revenue outturn
CMR,Cameroon,2006,,WB.PEFA.PI-2016-03,PEFA: PI-3 Revenue outturn
ETH,Ethiopia,2006,,WB.PEFA.PI-2016-03,PEFA: PI-3 Revenue outturn
GAB,Gabon,2006,,WB.PEFA.PI-2016-03,PEFA: PI-3 Revenue outturn
GHA,Ghana,2006,,WB.PEFA.PI-2016-03,PEFA: PI-3 Revenue outturn
GIN,Guinea,2006,,WB.PEFA.PI-2016-03,PEFA: PI-3 Revenue outturn
KEN,Kenya,2006,,WB.PEFA.PI-2016-03,PEFA: PI-3 Revenue outturn
LBR,Liberia,2006,,WB.PEFA.PI-2016-03,PEFA: PI-3 Revenue outturn
LSO,Lesotho,2006,,WB.PEFA.PI-2016-03,PEFA: PI-3 Revenue outturn
MAR,Morocco,2006,,WB.PEFA.PI-2016-03,PEFA: PI-3 Revenue outturn
MDG,Madagascar,2006,,WB.PEFA.PI-2016-03,PEFA: PI-3 Revenue outturn
MLI,Mali,2006,,WB.PEFA.PI-2016-03,PEFA: PI-3 Revenue outturn
MOZ,Mozambique,2006,,WB.PEFA.PI-2016-03,PEFA: PI-3 Revenue outturn
MRT,Mauritania,2006,,WB.PEFA.PI-2016-03,PEFA: PI-3 Revenue outturn
MWI,Malawi,2006,,WB.PEFA.PI-2016-03,PEFA: PI-3 Revenue outturn
NER,Niger,2006,,WB.PEFA.PI-2016-03,PEFA: PI-3 Revenue outturn
NGA,Nigeria,2006,,WB.PEFA.PI-2016-03,PEFA: PI-3 Revenue outturn
RWA,Rwanda,2006,,WB.PEFA.PI-2016-03,PEFA: PI-3 Revenue outturn
SEN,Senegal,2006,,WB.PEFA.PI-2016-03,PEFA: PI-3 Revenue outturn
SLE,Sierra Leone,2006,,WB.PEFA.PI-2016-03,PEFA: PI-3 Revenue outturn
SYC,Seychelles,2006,,WB.PEFA.PI-2016-03,PEFA: PI-3 Revenue outturn
TCD,Chad,2006,,WB.PEFA.PI-2016-03,PEFA: PI-3 Revenue outturn
TGO,Togo,2006,,WB.PEFA.PI-2016-03,PEFA: PI-3 Revenue outturn
TZA,Tanzania,2006,,WB.PEFA.PI-2016-03,PEFA: PI-3 Revenue outturn
UGA,Uganda,2006,,WB.PEFA.PI-2016-03,PEFA: PI-3 Revenue outturn
ZMB,Zambia,2006,,WB.PEFA.PI-2016-03,PEFA: PI-3 Revenue outturn
ZWE,Zimbabwe,2006,,WB.PEFA.PI-2016-03,PEFA: PI-3 Revenue outturn
BFA,Burkina Faso,2007,,WB.PEFA.PI-2016-03,PEFA: PI-3 Revenue outturn
BWA,Botswana,2007,,WB.PEFA.PI-2016-03,PEFA: PI-3 Revenue outturn
CIV,Cote d'Ivoire,2007,,WB.PEFA.PI-2016-03,PEFA: PI-3 Revenue outturn
CMR,Cameroon,2007,,WB.PEFA.PI-2016-03,PEFA: PI-3 Revenue outturn
ETH,Ethiopia,2007,,WB.PEFA.PI-2016-03,PEFA: PI-3 Revenue outturn
GAB,Gabon,2007,,WB.PEFA.PI-2016-03,PEFA: PI-3 Revenue outturn
GHA,Ghana,2007,,WB.PEFA.PI-2016-03,PEFA: PI-3 Revenue outturn
GIN,Guinea,2007,,WB.PEFA.PI-2016-03,PEFA: PI-3 Revenue outturn
KEN,Kenya,2007,,WB.PEFA.PI-2016-03,PEFA: PI-3 Revenue outturn
LBR,Liberia,2007,,WB.PEFA.PI-2016-03,PEFA: PI-3 Revenue outturn
LSO,Lesotho,2007,,WB.PEFA.PI-2016-03,PEFA: PI-3 Revenue outturn
MAR,Morocco,2007,,WB.PEFA.PI-2016-03,PEFA: PI-3 Revenue outturn
MDG,Madagascar,2007,,WB.PEFA.PI-2016-03,PEFA: PI-3 Revenue outturn
MLI,Mali,2007,,WB.PEFA.PI-2016-03,PEFA: PI-3 Revenue outturn
MOZ,Mozambique,2007,,WB.PEFA.PI-2016-03,PEFA: PI-3 Revenue outturn
MRT,Mauritania,2007,,WB.PEFA.PI-2016-03,PEFA: PI-3 Revenue outturn
MWI,Malawi,2007,,WB.PEFA.PI-2016-03,PEFA: PI-3 Revenue outturn
NER,Niger,2007,,WB.PEFA.PI-2016-03,PEFA: PI-3 Revenue outturn
NGA,Nigeria,2007,,WB.PEFA.PI-2016-03,PEFA: PI-3 Revenue outturn
RWA,Rwanda,2007,,WB.PEFA.PI-2016-03,PEFA: PI-3 Revenue outturn
SEN,Senegal,2007,,WB.PEFA.PI-2016-03,PEFA: PI-3 Revenue outturn
SLE,Sierra Leone,2007,,WB.PEFA.PI-2016-03,PEFA: PI-3 Revenue outturn
SYC,Seychelles,2007,,WB.PEFA.PI-2016-03,PEFA: PI-3 Revenue outturn
TCD,Chad,2007,,WB.PEFA.PI-2016-03,PEFA: PI-3 Revenue outturn
TGO,Togo,2007,,WB.PEFA.PI-2016-03,PEFA: PI-3 Revenue outturn
TZA,Tanzania,2007,,WB.PEFA.PI-2016-03,PEFA: PI-3 Revenue outturn
UGA,Uganda,2007,,WB.PEFA.PI-2016-03,PEFA: PI-3 Revenue outturn
ZMB,Zambia,2007,,WB.PEFA.PI-2016-03,PEFA: PI-3 Revenue outturn
ZWE,Zimbabwe,2007,,WB.PEFA.PI-2016-03,PEFA: PI-3 Revenue outturn
BFA,Burkina Faso,2008,,WB.PEFA.PI-2016-03,PEFA: PI-3 Revenue outturn
BWA,Botswana,2008,,WB.PEFA.PI-2016-03,PEFA: PI-3 Revenue outturn
CIV,Cote d'Ivoire,2008,,WB.PEFA.PI-2016-03,PEFA: PI-3 Revenue outturn
CMR,Cameroon,2008,,WB.PEFA.PI-2016-03,PEFA: PI-3 Revenue outturn
ETH,Ethiopia,2008,,WB.PEFA.PI-2016-03,PEFA: PI-3 Revenue outturn
GAB,Gabon,2008,,WB.PEFA.PI-2016-03,PEFA: PI-3 Revenue outturn
GHA,Ghana,2008,,WB.PEFA.PI-2016-03,PEFA: PI-3 Revenue outturn
GIN,Guinea,2008,,WB.PEFA.PI-2016-03,PEFA: PI-3 Revenue outturn
KEN,Kenya,2008,,WB.PEFA.PI-2016-03,PEFA: PI-3 Revenue outturn
LBR,Liberia,2008,,WB.PEFA.PI-2016-03,PEFA: PI-3 Revenue outturn
LSO,Lesotho,2008,,WB.PEFA.PI-2016-03,PEFA: PI-3 Revenue outturn
MAR,Morocco,2008,,WB.PEFA.PI-2016-03,PEFA: PI-3 Revenue outturn
MDG,Madagascar,2008,,WB.PEFA.PI-2016-03,PEFA: PI-3 Revenue outturn
MLI,Mali,2008,,WB.PEFA.PI-2016-03,PEFA: PI-3 Revenue outturn
MOZ,Mozambique,2008,,WB.PEFA.PI-2016-03,PEFA: PI-3 Revenue outturn
MRT,Mauritania,2008,,WB.PEFA.PI-2016-03,PEFA: PI-3 Revenue outturn
MWI,Malawi,2008,,WB.PEFA.PI-2016-03,PEFA: PI-3 Revenue outturn
NER,Niger,2008,,WB.PEFA.PI-2016-03,PEFA: PI-3 Revenue outturn
NGA,Nigeria,2008,,WB.PEFA.PI-2016-03,PEFA: PI-3 Revenue outturn
RWA,Rwanda,2008,,WB.PEFA.PI-2016-03,PEFA: PI-3 Revenue outturn
SEN,Senegal,2008,,WB.PEFA.PI-2016-03,PEFA: PI-3 Revenue outturn
SLE,Sierra Leone,2008,,WB.PEFA.PI-2016-03,PEFA: PI-3 Revenue outturn
SYC,Seychelles,2008,,WB.PEFA.PI-2016-03,PEFA: PI-3 Revenue outturn
TCD,Chad,2008,,WB.PEFA.PI-2016-03,PEFA: PI-3 Revenue outturn
TGO,Togo,2008,,WB.PEFA.PI-2016-03,PEFA: PI-3 Revenue outturn
TZA,Tanzania,2008,,WB.PEFA.PI-2016-03,PEFA: PI-3 Revenue outturn
UGA,Uganda,2008,,WB.PEFA.PI-2016-03,PEFA: PI-3 Revenue outturn
ZMB,Zambia,2008,,WB.PEFA.PI-2016-03,PEFA: PI-3 Revenue outturn
ZWE,Zimbabwe,2008,,WB.PEFA.PI-2016-03,PEFA: PI-3 Revenue outturn
BFA,Burkina Faso,2009,,WB.PEFA.PI-2016-03,PEFA: PI-3 Revenue outturn
BWA,Botswana,2009,,WB.PEFA.PI-2016-03,PEFA: PI-3 Revenue outturn
CIV,Cote d'Ivoire,2009,,WB.PEFA.PI-2016-03,PEFA: PI-3 Revenue outturn
CMR,Cameroon,2009,,WB.PEFA.PI-2016-03,PEFA: PI-3 Revenue outturn
ETH,Ethiopia,2009,,WB.PEFA.PI-2016-03,PEFA: PI-3 Revenue outturn
GAB,Gabon,2009,,WB.PEFA.PI-2016-03,PEFA: PI-3 Revenue outturn
GHA,Ghana,2009,,WB.PEFA.PI-2016-03,PEFA: PI-3 Revenue outturn
GIN,Guinea,2009,,WB.PEFA.PI-2016-03,PEFA: PI-3 Revenue outturn
KEN,Kenya,2009,,WB.PEFA.PI-2016-03,PEFA: PI-3 Revenue outturn
LBR,Liberia,2009,,WB.PEFA.PI-2016-03,PEFA: PI-3 Revenue outturn
LSO,Lesotho,2009,,WB.PEFA.PI-2016-03,PEFA: PI-3 Revenue outturn
MAR,Morocco,2009,,WB.PEFA.PI-2016-03,PEFA: PI-3 Revenue outturn
MDG,Madagascar,2009,,WB.PEFA.PI-2016-03,PEFA: PI-3 Revenue outturn
MLI,Mali,2009,,WB.PEFA.PI-2016-03,PEFA: PI-3 Revenue outturn
MOZ,Mozambique,2009,,WB.PEFA.PI-2016-03,PEFA: PI-3 Revenue outturn
MRT,Mauritania,2009,,WB.PEFA.PI-2016-03,PEFA: PI-3 Revenue outturn
MWI,Malawi,2009,,WB.PEFA.PI-2016-03,PEFA: PI-3 Revenue outturn
NER,Niger,2009,,WB.PEFA.PI-2016-03,PEFA: PI-3 Revenue outturn
NGA,Nigeria,2009,,WB.PEFA.PI-2016-03,PEFA: PI-3 Revenue outturn
RWA,Rwanda,2009,,WB.PEFA.PI-2016-03,PEFA: PI-3 Revenue outturn
SEN,Senegal,2009,,WB.PEFA.PI-2016-03,PEFA: PI-3 Revenue outturn
SLE,Sierra Leone,2009,,WB.PEFA.PI-2016-03,PEFA: PI-3 Revenue outturn
SYC,Seychelles,2009,,WB.PEFA.PI-2016-03,PEFA: PI-3 Revenue outturn
TCD,Chad,2009,,WB.PEFA.PI-2016-03,PEFA: PI-3 Revenue outturn
TGO,Togo,2009,,WB.PEFA.PI-2016-03,PEFA: PI-3 Revenue outturn
TZA,Tanzania,2009,,WB.PEFA.PI-2016-03,PEFA: PI-3 Revenue outturn
UGA,Uganda,2009,,WB.PEFA.PI-2016-03,PEFA: PI-3 Revenue outturn
ZMB,Zambia,2009,,WB.PEFA.PI-2016-03,PEFA: PI-3 Revenue outturn
ZWE,Zimbabwe,2009,,WB.PEFA.PI-2016-03,PEFA: PI-3 Revenue outturn
BFA,Burkina Faso,2010,,WB.PEFA.PI-2016-03,PEFA: PI-3 Revenue outturn
BWA,Botswana,2010,,WB.PEFA.PI-2016-03,PEFA: PI-3 Revenue outturn
CIV,Cote d'Ivoire,2010,,WB.PEFA.PI-2016-03,PEFA: PI-3 Revenue outturn
CMR,Cameroon,2010,,WB.PEFA.PI-2016-03,PEFA: PI-3 Revenue outturn
ETH,Ethiopia,2010,,WB.PEFA.PI-2016-03,PEFA: PI-3 Revenue outturn
GAB,Gabon,2010,,WB.PEFA.PI-2016-03,PEFA: PI-3 Revenue outturn
GHA,Ghana,2010,,WB.PEFA.PI-2016-03,PEFA: PI-3 Revenue outturn
GIN,Guinea,2010,,WB.PEFA.PI-2016-03,PEFA: PI-3 Revenue outturn
KEN,Kenya,2010,,WB.PEFA.PI-2016-03,PEFA: PI-3 Revenue outturn
LBR,Liberia,2010,,WB.PEFA.PI-2016-03,PEFA: PI-3 Revenue outturn
LSO,Lesotho,2010,,WB.PEFA.PI-2016-03,PEFA: PI-3 Revenue outturn
MAR,Morocco,2010,,WB.PEFA.PI-2016-03,PEFA: PI-3 Revenue outturn
MDG,Madagascar,2010,,WB.PEFA.PI-2016-03,PEFA: PI-3 Revenue outturn
MLI,Mali,2010,,WB.PEFA.PI-2016-03,PEFA: PI-3 Revenue outturn
MOZ,Mozambique,2010,,WB.PEFA.PI-2016-03,PEFA: PI-3 Revenue outturn
MRT,Mauritania,2010,,WB.PEFA.PI-2016-03,PEFA: PI-3 Revenue outturn
MWI,Malawi,2010,,WB.PEFA.PI-2016-03,PEFA: PI-3 Revenue outturn
NER,Niger,2010,,WB.PEFA.PI-2016-03,PEFA: PI-3 Revenue outturn
NGA,Nigeria,2010,,WB.PEFA.PI-2016-03,PEFA: PI-3 Revenue outturn
RWA,Rwanda,2010,,WB.PEFA.PI-2016-03,PEFA: PI-3 Revenue outturn
SEN,Senegal,2010,,WB.PEFA.PI-2016-03,PEFA: PI-3 Revenue outturn
SLE,Sierra Leone,2010,,WB.PEFA.PI-2016-03,PEFA: PI-3 Revenue outturn
SYC,Seychelles,2010,,WB.PEFA.PI-2016-03,PEFA: PI-3 Revenue outturn
TCD,Chad,2010,,WB.PEFA.PI-2016-03,PEFA: PI-3 Revenue outturn
TGO,Togo,2010,,WB.PEFA.PI-2016-03,PEFA: PI-3 Revenue outturn
TZA,Tanzania,2010,,WB.PEFA.PI-2016-03,PEFA: PI-3 Revenue outturn
UGA,Uganda,2010,,WB.PEFA.PI-2016-03,PEFA: PI-3 Revenue outturn
ZMB,Zambia,2010,,WB.PEFA.PI-2016-03,PEFA: PI-3 Revenue outturn
ZWE,Zimbabwe,2010,,WB.PEFA.PI-2016-03,PEFA: PI-3 Revenue outturn
BFA,Burkina Faso,2011,,WB.PEFA.PI-2016-03,PEFA: PI-3 Revenue outturn
BWA,Botswana,2011,,WB.PEFA.PI-2016-03,PEFA: PI-3 Revenue outturn
CIV,Cote d'Ivoire,2011,,WB.PEFA.PI-2016-03,PEFA: PI-3 Revenue outturn
CMR,Cameroon,2011,,WB.PEFA.PI-2016-03,PEFA: PI-3 Revenue outturn
ETH,Ethiopia,2011,,WB.PEFA.PI-2016-03,PEFA: PI-3 Revenue outturn
GAB,Gabon,2011,,WB.PEFA.PI-2016-03,PEFA: PI-3 Revenue outturn
GHA,Ghana,2011,,WB.PEFA.PI-2016-03,PEFA: PI-3 Revenue outturn
GIN,Guinea,2011,,WB.PEFA.PI-2016-03,PEFA: PI-3 Revenue outturn
KEN,Kenya,2011,,WB.PEFA.PI-2016-03,PEFA: PI-3 Revenue outturn
LBR,Liberia,2011,,WB.PEFA.PI-2016-03,PEFA: PI-3 Revenue outturn
LSO,Lesotho,2011,,WB.PEFA.PI-2016-03,PEFA: PI-3 Revenue outturn
MAR,Morocco,2011,,WB.PEFA.PI-2016-03,PEFA: PI-3 Revenue outturn
MDG,Madagascar,2011,,WB.PEFA.PI-2016-03,PEFA: PI-3 Revenue outturn
MLI,Mali,2011,,WB.PEFA.PI-2016-03,PEFA: PI-3 Revenue outturn
MOZ,Mozambique,2011,,WB.PEFA.PI-2016-03,PEFA: PI-3 Revenue outturn
MRT,Mauritania,2011,,WB.PEFA.PI-2016-03,PEFA: PI-3 Revenue outturn
MWI,Malawi,2011,,WB.PEFA.PI-2016-03,PEFA: PI-3 Revenue outturn
NER,Niger,2011,,WB.PEFA.PI-2016-03,PEFA: PI-3 Revenue outturn
NGA,Nigeria,2011,,WB.PEFA.PI-2016-03,PEFA: PI-3 Revenue outturn
RWA,Rwanda,2011,,WB.PEFA.PI-2016-03,PEFA: PI-3 Revenue outturn
SEN,Senegal,2011,,WB.PEFA.PI-2016-03,PEFA: PI-3 Revenue outturn
SLE,Sierra Leone,2011,,WB.PEFA.PI-2016-03,PEFA: PI-3 Revenue outturn
SYC,Seychelles,2011,,WB.PEFA.PI-2016-03,PEFA: PI-3 Revenue outturn
TCD,Chad,2011,,WB.PEFA.PI-2016-03,PEFA: PI-3 Revenue outturn
TGO,Togo,2011,,WB.PEFA.PI-2016-03,PEFA: PI-3 Revenue outturn
TZA,Tanzania,2011,,WB.PEFA.PI-2016-03,PEFA: PI-3 Revenue outturn
UGA,Uganda,2011,,WB.PEFA.PI-2016-03,PEFA: PI-3 Revenue outturn
ZMB,Zambia,2011,,WB.PEFA.PI-2016-03,PEFA: PI-3 Revenue outturn
ZWE,Zimbabwe,2011,,WB.PEFA.PI-2016-03,PEFA: PI-3 Revenue outturn
BFA,Burkina Faso,2012,,WB.PEFA.PI-2016-03,PEFA: PI-3 Revenue outturn
BWA,Botswana,2012,,WB.PEFA.PI-2016-03,PEFA: PI-3 Revenue outturn
CIV,Cote d'Ivoire,2012,,WB.PEFA.PI-2016-03,PEFA: PI-3 Revenue outturn
CMR,Cameroon,2012,,WB.PEFA.PI-2016-03,PEFA: PI-3 Revenue outturn
ETH,Ethiopia,2012,,WB.PEFA.PI-2016-03,PEFA: PI-3 Revenue outturn
GAB,Gabon,2012,,WB.PEFA.PI-2016-03,PEFA: PI-3 Revenue outturn
GHA,Ghana,2012,,WB.PEFA.PI-2016-03,PEFA: PI-3 Revenue outturn
GIN,Guinea,2012,,WB.PEFA.PI-2016-03,PEFA: PI-3 Revenue outturn
KEN,Kenya,2012,,WB.PEFA.PI-2016-03,PEFA: PI-3 Revenue outturn
LBR,Liberia,2012,,WB.PEFA.PI-2016-03,PEFA: PI-3 Revenue outturn
LSO,Lesotho,2012,,WB.PEFA.PI-2016-03,PEFA: PI-3 Revenue outturn
MAR,Morocco,2012,,WB.PEFA.PI-2016-03,PEFA: PI-3 Revenue outturn
MDG,Madagascar,2012,,WB.PEFA.PI-2016-03,PEFA: PI-3 Revenue outturn
MLI,Mali,2012,,WB.PEFA.PI-2016-03,PEFA: PI-3 Revenue outturn
MOZ,Mozambique,2012,,WB.PEFA.PI-2016-03,PEFA: PI-3 Revenue outturn
MRT,Mauritania,2012,,WB.PEFA.PI-2016-03,PEFA: PI-3 Revenue outturn
MWI,Malawi,2012,,WB.PEFA.PI-2016-03,PEFA: PI-3 Revenue outturn
NER,Niger,2012,,WB.PEFA.PI-2016-03,PEFA: PI-3 Revenue outturn
NGA,Nigeria,2012,,WB.PEFA.PI-2016-03,PEFA: PI-3 Revenue outturn
RWA,Rwanda,2012,,WB.PEFA.PI-2016-03,PEFA: PI-3 Revenue outturn
SEN,Senegal,2012,,WB.PEFA.PI-2016-03,PEFA: PI-3 Revenue outturn
SLE,Sierra Leone,2012,,WB.PEFA.PI-2016-03,PEFA: PI-3 Revenue outturn
SYC,Seychelles,2012,,WB.PEFA.PI-2016-03,PEFA: PI-3 Revenue outturn
TCD,Chad,2012,,WB.PEFA.PI-2016-03,PEFA: PI-3 Revenue outturn
TGO,Togo,2012,,WB.PEFA.PI-2016-03,PEFA: PI-3 Revenue outturn
TZA,Tanzania,2012,,WB.PEFA.PI-2016-03,PEFA: PI-3 Revenue outturn
UGA,Uganda,2012,,WB.PEFA.PI-2016-03,PEFA: PI-3 Revenue outturn
ZMB,Zambia,2012,,WB.PEFA.PI-2016-03,PEFA: PI-3 Revenue outturn
ZWE,Zimbabwe,2012,,WB.PEFA.PI-2016-03,PEFA: PI-3 Revenue outturn
BFA,Burkina Faso,2013,,WB.PEFA.PI-2016-03,PEFA: PI-3 Revenue outturn
BWA,Botswana,2013,,WB.PEFA.PI-2016-03,PEFA: PI-3 Revenue outturn
CIV,Cote d'Ivoire,2013,,WB.PEFA.PI-2016-03,PEFA: PI-3 Revenue outturn
CMR,Cameroon,2013,,WB.PEFA.PI-2016-03,PEFA: PI-3 Revenue outturn
ETH,Ethiopia,2013,,WB.PEFA.PI-2016-03,PEFA: PI-3 Revenue outturn
GAB,Gabon,2013,,WB.PEFA.PI-2016-03,PEFA: PI-3 Revenue outturn
GHA,Ghana,2013,,WB.PEFA.PI-2016-03,PEFA: PI-3 Revenue outturn
GIN,Guinea,2013,,WB.PEFA.PI-2016-03,PEFA: PI-3 Revenue outturn
KEN,Kenya,2013,,WB.PEFA.PI-2016-03,PEFA: PI-3 Revenue outturn
LBR,Liberia,2013,,WB.PEFA.PI-2016-03,PEFA: PI-3 Revenue outturn
LSO,Lesotho,2013,,WB.PEFA.PI-2016-03,PEFA: PI-3 Revenue outturn
MAR,Morocco,2013,,WB.PEFA.PI-2016-03,PEFA: PI-3 Revenue outturn
MDG,Madagascar,2013,,WB.PEFA.PI-2016-03,PEFA: PI-3 Revenue outturn
MLI,Mali,2013,,WB.PEFA.PI-2016-03,PEFA: PI-3 Revenue outturn
MOZ,Mozambique,2013,,WB.PEFA.PI-2016-03,PEFA: PI-3 Revenue outturn
MRT,Mauritania,2013,,WB.PEFA.PI-2016-03,PEFA: PI-3 Revenue outturn
MWI,Malawi,2013,,WB.PEFA.PI-2016-03,PEFA: PI-3 Revenue outturn
NER,Niger,2013,,WB.PEFA.PI-2016-03,PEFA: PI-3 Revenue outturn
NGA,Nigeria,2013,,WB.PEFA.PI-2016-03,PEFA: PI-3 Revenue outturn
RWA,Rwanda,2013,,WB.PEFA.PI-2016-03,PEFA: PI-3 Revenue outturn
SEN,Senegal,2013,,WB.PEFA.PI-2016-03,PEFA: PI-3 Revenue outturn
SLE,Sierra Leone,2013,,WB.PEFA.PI-2016-03,PEFA: PI-3 Revenue outturn
SYC,Seychelles,2013,,WB.PEFA.PI-2016-03,PEFA: PI-3 Revenue outturn
TCD,Chad,2013,,WB.PEFA.PI-2016-03,PEFA: PI-3 Revenue outturn
TGO,Togo,2013,,WB.PEFA.PI-2016-03,PEFA: PI-3 Revenue outturn
TZA,Tanzania,2013,,WB.PEFA.PI-2016-03,PEFA: PI-3 Revenue outturn
UGA,Uganda,2013,,WB.PEFA.PI-2016-03,PEFA: PI-3 Revenue outturn
ZMB,Zambia,2013,,WB.PEFA.PI-2016-03,PEFA: PI-3 Revenue outturn
ZWE,Zimbabwe,2013,,WB.PEFA.PI-2016-03,PEFA: PI-3 Revenue outturn
BFA,Burkina Faso,2014,,WB.PEFA.PI-2016-03,PEFA: PI-3 Revenue outturn
BWA,Botswana,2014,,WB.PEFA.PI-2016-03,PEFA: PI-3 Revenue outturn
CIV,Cote d'Ivoire,2014,,WB.PEFA.PI-2016-03,PEFA: PI-3 Revenue outturn
CMR,Cameroon,2014,,WB.PEFA.PI-2016-03,PEFA: PI-3 Revenue outturn
ETH,Ethiopia,2014,,WB.PEFA.PI-2016-03,PEFA: PI-3 Revenue outturn
GAB,Gabon,2014,,WB.PEFA.PI-2016-03,PEFA: PI-3 Revenue outturn
GHA,Ghana,2014,,WB.PEFA.PI-2016-03,PEFA: PI-3 Revenue outturn
GIN,Guinea,2014,,WB.PEFA.PI-2016-03,PEFA: PI-3 Revenue outturn
KEN,Kenya,2014,,WB.PEFA.PI-2016-03,PEFA: PI-3 Revenue outturn
LBR,Liberia,2014,,WB.PEFA.PI-2016-03,PEFA: PI-3 Revenue outturn
LSO,Lesotho,2014,,WB.PEFA.PI-2016-03,PEFA: PI-3 Revenue outturn
MAR,Morocco,2014,,WB.PEFA.PI-2016-03,PEFA: PI-3 Revenue outturn
MDG,Madagascar,2014,,WB.PEFA.PI-2016-03,PEFA: PI-3 Revenue outturn
MLI,Mali,2014,,WB.PEFA.PI-2016-03,PEFA: PI-3 Revenue outturn
MOZ,Mozambique,2014,,WB.PEFA.PI-2016-03,PEFA: PI-3 Revenue outturn
MRT,Mauritania,2014,,WB.PEFA.PI-2016-03,PEFA: PI-3 Revenue outturn
MWI,Malawi,2014,,WB.PEFA.PI-2016-03,PEFA: PI-3 Revenue outturn
NER,Niger,2014,,WB.PEFA.PI-2016-03,PEFA: PI-3 Revenue outturn
NGA,Nigeria,2014,,WB.PEFA.PI-2016-03,PEFA: PI-3 Revenue outturn
RWA,Rwanda,2014,,WB.PEFA.PI-2016-03,PEFA: PI-3 Revenue outturn
SEN,Senegal,2014,,WB.PEFA.PI-2016-03,PEFA: PI-3 Revenue outturn
SLE,Sierra Leone,2014,,WB.PEFA.PI-2016-03,PEFA: PI-3 Revenue outturn
SYC,Seychelles,2014,,WB.PEFA.PI-2016-03,PEFA: PI-3 Revenue outturn
TCD,Chad,2014,,WB.PEFA.PI-2016-03,PEFA: PI-3 Revenue outturn
TGO,Togo,2014,,WB.PEFA.PI-2016-03,PEFA: PI-3 Revenue outturn
TZA,Tanzania,2014,,WB.PEFA.PI-2016-03,PEFA: PI-3 Revenue outturn
UGA,Uganda,2014,,WB.PEFA.PI-2016-03,PEFA: PI-3 Revenue outturn
ZMB,Zambia,2014,,WB.PEFA.PI-2016-03,PEFA: PI-3 Revenue outturn
ZWE,Zimbabwe,2014,,WB.PEFA.PI-2016-03,PEFA: PI-3 Revenue outturn
BFA,Burkina Faso,2015,,WB.PEFA.PI-2016-03,PEFA: PI-3 Revenue outturn
BWA,Botswana,2015,,WB.PEFA.PI-2016-03,PEFA: PI-3 Revenue outturn
CIV,Cote d'Ivoire,2015,,WB.PEFA.PI-2016-03,PEFA: PI-3 Revenue outturn
CMR,Cameroon,2015,,WB.PEFA.PI-2016-03,PEFA: PI-3 Revenue outturn
ETH,Ethiopia,2015,,WB.PEFA.PI-2016-03,PEFA: PI-3 Revenue outturn
GAB,Gabon,2015,,WB.PEFA.PI-2016-03,PEFA: PI-3 Revenue outturn
GHA,Ghana,2015,,WB.PEFA.PI-2016-03,PEFA: PI-3 Revenue outturn
GIN,Guinea,2015,,WB.PEFA.PI-2016-03,PEFA: PI-3 Revenue outturn
KEN,Kenya,2015,,WB.PEFA.PI-2016-03,PEFA: PI-3 Revenue outturn
LBR,Liberia,2015,,WB.PEFA.PI-2016-03,PEFA: PI-3 Revenue outturn
LSO,Lesotho,2015,,WB.PEFA.PI-2016-03,PEFA: PI-3 Revenue outturn
MAR,Morocco,2015,,WB.PEFA.PI-2016-03,PEFA: PI-3 Revenue outturn
MDG,Madagascar,2015,,WB.PEFA.PI-2016-03,PEFA: PI-3 Revenue outturn
MLI,Mali,2015,,WB.PEFA.PI-2016-03,PEFA: PI-3 Revenue outturn
MOZ,Mozambique,2015,,WB.PEFA.PI-2016-03,PEFA: PI-3 Revenue outturn
MRT,Mauritania,2015,,WB.PEFA.PI-2016-03,PEFA: PI-3 Revenue outturn
MWI,Malawi,2015,,WB.PEFA.PI-2016-03,PEFA: PI-3 Revenue outturn
NER,Niger,2015,,WB.PEFA.PI-2016-03,PEFA: PI-3 Revenue outturn
NGA,Nigeria,2015,,WB.PEFA.PI-2016-03,PEFA: PI-3 Revenue outturn
RWA,Rwanda,2015,,WB.PEFA.PI-2016-03,PEFA: PI-3 Revenue outturn
SEN,Senegal,2015,,WB.PEFA.PI-2016-03,PEFA: PI-3 Revenue outturn
SLE,Sierra Leone,2015,,WB.PEFA.PI-2016-03,PEFA: PI-3 Revenue outturn
SYC,Seychelles,2015,,WB.PEFA.PI-2016-03,PEFA: PI-3 Revenue outturn
TCD,Chad,2015,,WB.PEFA.PI-2016-03,PEFA: PI-3 Revenue outturn
TGO,Togo,2015,,WB.PEFA.PI-2016-03,PEFA: PI-3 Revenue outturn
TZA,Tanzania,2015,,WB.PEFA.PI-2016-03,PEFA: PI-3 Revenue outturn
UGA,Uganda,2015,,WB.PEFA.PI-2016-03,PEFA: PI-3 Revenue outturn
ZMB,Zambia,2015,,WB.PEFA.PI-2016-03,PEFA: PI-3 Revenue outturn
ZWE,Zimbabwe,2015,,WB.PEFA.PI-2016-03,PEFA: PI-3 Revenue outturn
BFA,Burkina Faso,2016,,WB.PEFA.PI-2016-03,PEFA: PI-3 Revenue outturn
BWA,Botswana,2016,,WB.PEFA.PI-2016-03,PEFA: PI-3 Revenue outturn
CIV,Cote d'Ivoire,2016,,WB.PEFA.PI-2016-03,PEFA: PI-3 Revenue outturn
CMR,Cameroon,2016,,WB.PEFA.PI-2016-03,PEFA: PI-3 Revenue outturn
ETH,Ethiopia,2016,,WB.PEFA.PI-2016-03,PEFA: PI-3 Revenue outturn
GAB,Gabon,2016,,WB.PEFA.PI-2016-03,PEFA: PI-3 Revenue outturn
GHA,Ghana,2016,,WB.PEFA.PI-2016-03,PEFA: PI-3 Revenue outturn
GIN,Guinea,2016,,WB.PEFA.PI-2016-03,PEFA: PI-3 Revenue outturn
KEN,Kenya,2016,,WB.PEFA.PI-2016-03,PEFA: PI-3 Revenue outturn
LBR,Liberia,2016,,WB.PEFA.PI-2016-03,PEFA: PI-3 Revenue outturn
LSO,Lesotho,2016,,WB.PEFA.PI-2016-03,PEFA: PI-3 Revenue outturn
MAR,Morocco,2016,3.5,WB.PEFA.PI-2016-03,PEFA: PI-3 Revenue outturn
MDG,Madagascar,2016,,WB.PEFA.PI-2016-03,PEFA: PI-3 Revenue outturn
MLI,Mali,2016,,WB.PEFA.PI-2016-03,PEFA: PI-3 Revenue outturn
MOZ,Mozambique,2016,,WB.PEFA.PI-2016-03,PEFA: PI-3 Revenue outturn
MRT,Mauritania,2016,,WB.PEFA.PI-2016-03,PEFA: PI-3 Revenue outturn
MWI,Malawi,2016,,WB.PEFA.PI-2016-03,PEFA: PI-3 Revenue outturn
NER,Niger,2016,,WB.PEFA.PI-2016-03,PEFA: PI-3 Revenue outturn
NGA,Nigeria,2016,,WB.PEFA.PI-2016-03,PEFA: PI-3 Revenue outturn
RWA,Rwanda,2016,,WB.PEFA.PI-2016-03,PEFA: PI-3 Revenue outturn
SEN,Senegal,2016,,WB.PEFA.PI-2016-03,PEFA: PI-3 Revenue outturn
SLE,Sierra Leone,2016,,WB.PEFA.PI-2016-03,PEFA: PI-3 Revenue outturn
SYC,Seychelles,2016,,WB.PEFA.PI-2016-03,PEFA: PI-3 Revenue outturn
TCD,Chad,2016,,WB.PEFA.PI-2016-03,PEFA: PI-3 Revenue outturn
TGO,Togo,2016,1.0,WB.PEFA.PI-2016-03,PEFA: PI-3 Revenue outturn
TZA,Tanzania,2016,,WB.PEFA.PI-2016-03,PEFA: PI-3 Revenue outturn
UGA,Uganda,2016,,WB.PEFA.PI-2016-03,PEFA: PI-3 Revenue outturn
ZMB,Zambia,2016,,WB.PEFA.PI-2016-03,PEFA: PI-3 Revenue outturn
ZWE,Zimbabwe,2016,,WB.PEFA.PI-2016-03,PEFA: PI-3 Revenue outturn
BFA,Burkina Faso,2017,2.0,WB.PEFA.PI-2016-03,PEFA: PI-3 Revenue outturn
BWA,Botswana,2017,,WB.PEFA.PI-2016-03,PEFA: PI-3 Revenue outturn
CIV,Cote d'Ivoire,2017,,WB.PEFA.PI-2016-03,PEFA: PI-3 Revenue outturn
CMR,Cameroon,2017,2.5,WB.PEFA.PI-2016-03,PEFA: PI-3 Revenue outturn
ETH,Ethiopia,2017,,WB.PEFA.PI-2016-03,PEFA: PI-3 Revenue outturn
GAB,Gabon,2017,1.5,WB.PEFA.PI-2016-03,PEFA: PI-3 Revenue outturn
GHA,Ghana,2017,,WB.PEFA.PI-2016-03,PEFA: PI-3 Revenue outturn
GIN,Guinea,2017,,WB.PEFA.PI-2016-03,PEFA: PI-3 Revenue outturn
KEN,Kenya,2017,,WB.PEFA.PI-2016-03,PEFA: PI-3 Revenue outturn
LBR,Liberia,2017,,WB.PEFA.PI-2016-03,PEFA: PI-3 Revenue outturn
LSO,Lesotho,2017,2.5,WB.PEFA.PI-2016-03,PEFA: PI-3 Revenue outturn
MAR,Morocco,2017,,WB.PEFA.PI-2016-03,PEFA: PI-3 Revenue outturn
MDG,Madagascar,2017,,WB.PEFA.PI-2016-03,PEFA: PI-3 Revenue outturn
MLI,Mali,2017,,WB.PEFA.PI-2016-03,PEFA: PI-3 Revenue outturn
MOZ,Mozambique,2017,,WB.PEFA.PI-2016-03,PEFA: PI-3 Revenue outturn
MRT,Mauritania,2017,,WB.PEFA.PI-2016-03,PEFA: PI-3 Revenue outturn
MWI,Malawi,2017,,WB.PEFA.PI-2016-03,PEFA: PI-3 Revenue outturn
NER,Niger,2017,2.0,WB.PEFA.PI-2016-03,PEFA: PI-3 Revenue outturn
NGA,Nigeria,2017,,WB.PEFA.PI-2016-03,PEFA: PI-3 Revenue outturn
RWA,Rwanda,2017,3.5,WB.PEFA.PI-2016-03,PEFA: PI-3 Revenue outturn
SEN,Senegal,2017,,WB.PEFA.PI-2016-03,PEFA: PI-3 Revenue outturn
SLE,Sierra Leone,2017,,WB.PEFA.PI-2016-03,PEFA: PI-3 Revenue outturn
SYC,Seychelles,2017,2.0,WB.PEFA.PI-2016-03,PEFA: PI-3 Revenue outturn
TCD,Chad,2017,,WB.PEFA.PI-2016-03,PEFA: PI-3 Revenue outturn
TGO,Togo,2017,,WB.PEFA.PI-2016-03,PEFA: PI-3 Revenue outturn
TZA,Tanzania,2017,1.5,WB.PEFA.PI-2016-03,PEFA: PI-3 Revenue outturn
UGA,Uganda,2017,3.5,WB.PEFA.PI-2016-03,PEFA: PI-3 Revenue outturn
ZMB,Zambia,2017,2.5,WB.PEFA.PI-2016-03,PEFA: PI-3 Revenue outturn
ZWE,Zimbabwe,2017,,WB.PEFA.PI-2016-03,PEFA: PI-3 Revenue outturn
BFA,Burkina Faso,2018,,WB.PEFA.PI-2016-03,PEFA: PI-3 Revenue outturn
BWA,Botswana,2018,,WB.PEFA.PI-2016-03,PEFA: PI-3 Revenue outturn
CIV,Cote d'Ivoire,2018,,WB.PEFA.PI-2016-03,PEFA: PI-3 Revenue outturn
CMR,Cameroon,2018,,WB.PEFA.PI-2016-03,PEFA: PI-3 Revenue outturn
ETH,Ethiopia,2018,,WB.PEFA.PI-2016-03,PEFA: PI-3 Revenue outturn
GAB,Gabon,2018,,WB.PEFA.PI-2016-03,PEFA: PI-3 Revenue outturn
GHA,Ghana,2018,,WB.PEFA.PI-2016-03,PEFA: PI-3 Revenue outturn
GIN,Guinea,2018,1.0,WB.PEFA.PI-2016-03,PEFA: PI-3 Revenue outturn
KEN,Kenya,2018,,WB.PEFA.PI-2016-03,PEFA: PI-3 Revenue outturn
LBR,Liberia,2018,,WB.PEFA.PI-2016-03,PEFA: PI-3 Revenue outturn
LSO,Lesotho,2018,,WB.PEFA.PI-2016-03,PEFA: PI-3 Revenue outturn
MAR,Morocco,2018,,WB.PEFA.PI-2016-03,PEFA: PI-3 Revenue outturn
MDG,Madagascar,2018,1.0,WB.PEFA.PI-2016-03,PEFA: PI-3 Revenue outturn
MLI,Mali,2018,2.0,WB.PEFA.PI-2016-03,PEFA: PI-3 Revenue outturn
MOZ,Mozambique,2018,,WB.PEFA.PI-2016-03,PEFA: PI-3 Revenue outturn
MRT,Mauritania,2018,,WB.PEFA.PI-2016-03,PEFA: PI-3 Revenue outturn
MWI,Malawi,2018,2.5,WB.PEFA.PI-2016-03,PEFA: PI-3 Revenue outturn
NER,Niger,2018,,WB.PEFA.PI-2016-03,PEFA: PI-3 Revenue outturn
NGA,Nigeria,2018,,WB.PEFA.PI-2016-03,PEFA: PI-3 Revenue outturn
RWA,Rwanda,2018,,WB.PEFA.PI-2016-03,PEFA: PI-3 Revenue outturn
SEN,Senegal,2018,,WB.PEFA.PI-2016-03,PEFA: PI-3 Revenue outturn
SLE,Sierra Leone,2018,2.5,WB.PEFA.PI-2016-03,PEFA: PI-3 Revenue outturn
SYC,Seychelles,2018,,WB.PEFA.PI-2016-03,PEFA: PI-3 Revenue outturn
TCD,Chad,2018,1.0,WB.PEFA.PI-2016-03,PEFA: PI-3 Revenue outturn
TGO,Togo,2018,,WB.PEFA.PI-2016-03,PEFA: PI-3 Revenue outturn
TZA,Tanzania,2018,,WB.PEFA.PI-2016-03,PEFA: PI-3 Revenue outturn
UGA,Uganda,2018,,WB.PEFA.PI-2016-03,PEFA: PI-3 Revenue outturn
ZMB,Zambia,2018,,WB.PEFA.PI-2016-03,PEFA: PI-3 Revenue outturn
ZWE,Zimbabwe,2018,1.5,WB.PEFA.PI-2016-03,PEFA: PI-3 Revenue outturn
BFA,Burkina Faso,2019,,WB.PEFA.PI-2016-03,PEFA: PI-3 Revenue outturn
BWA,Botswana,2019,,WB.PEFA.PI-2016-03,PEFA: PI-3 Revenue outturn
CIV,Cote d'Ivoire,2019,3.5,WB.PEFA.PI-2016-03,PEFA: PI-3 Revenue outturn
CMR,Cameroon,2019,,WB.PEFA.PI-2016-03,PEFA: PI-3 Revenue outturn
ETH,Ethiopia,2019,1.5,WB.PEFA.PI-2016-03,PEFA: PI-3 Revenue outturn
GAB,Gabon,2019,,WB.PEFA.PI-2016-03,PEFA: PI-3 Revenue outturn
GHA,Ghana,2019,1.5,WB.PEFA.PI-2016-03,PEFA: PI-3 Revenue outturn
GIN,Guinea,2019,,WB.PEFA.PI-2016-03,PEFA: PI-3 Revenue outturn
KEN,Kenya,2019,3.0,WB.PEFA.PI-2016-03,PEFA: PI-3 Revenue outturn
LBR,Liberia,2019,,WB.PEFA.PI-2016-03,PEFA: PI-3 Revenue outturn
LSO,Lesotho,2019,,WB.PEFA.PI-2016-03,PEFA: PI-3 Revenue outturn
MAR,Morocco,2019,,WB.PEFA.PI-2016-03,PEFA: PI-3 Revenue outturn
MDG,Madagascar,2019,,WB.PEFA.PI-2016-03,PEFA: PI-3 Revenue outturn
MLI,Mali,2019,,WB.PEFA.PI-2016-03,PEFA: PI-3 Revenue outturn
MOZ,Mozambique,2019,,WB.PEFA.PI-2016-03,PEFA: PI-3 Revenue outturn
MRT,Mauritania,2019,,WB.PEFA.PI-2016-03,PEFA: PI-3 Revenue outturn
MWI,Malawi,2019,,WB.PEFA.PI-2016-03,PEFA: PI-3 Revenue outturn
NER,Niger,2019,,WB.PEFA.PI-2016-03,PEFA: PI-3 Revenue outturn
NGA,Nigeria,2019,1.0,WB.PEFA.PI-2016-03,PEFA: PI-3 Revenue outturn
RWA,Rwanda,2019,,WB.PEFA.PI-2016-03,PEFA: PI-3 Revenue outturn
SEN,Senegal,2019,,WB.PEFA.PI-2016-03,PEFA: PI-3 Revenue outturn
SLE,Sierra Leone,2019,,WB.PEFA.PI-2016-03,PEFA: PI-3 Revenue outturn
SYC,Seychelles,2019,,WB.PEFA.PI-2016-03,PEFA: PI-3 Revenue outturn
TCD,Chad,2019,,WB.PEFA.PI-2016-03,PEFA: PI-3 Revenue outturn
TGO,Togo,2019,,WB.PEFA.PI-2016-03,PEFA: PI-3 Revenue outturn
TZA,Tanzania,2019,,WB.PEFA.PI-2016-03,PEFA: PI-3 Revenue outturn
UGA,Uganda,2019,,WB.PEFA.PI-2016-03,PEFA: PI-3 Revenue outturn
ZMB,Zambia,2019,,WB.PEFA.PI-2016-03,PEFA: PI-3 Revenue outturn
ZWE,Zimbabwe,2019,,WB.PEFA.PI-2016-03,PEFA: PI-3 Revenue outturn
BFA,Burkina Faso,2020,,WB.PEFA.PI-2016-03,PEFA: PI-3 Revenue outturn
BWA,Botswana,2020,1.0,WB.PEFA.PI-2016-03,PEFA: PI-3 Revenue outturn
CIV,Cote d'Ivoire,2020,,WB.PEFA.PI-2016-03,PEFA: PI-3 Revenue outturn
CMR,Cameroon,2020,,WB.PEFA.PI-2016-03,PEFA: PI-3 Revenue outturn
ETH,Ethiopia,2020,,WB.PEFA.PI-2016-03,PEFA: PI-3 Revenue outturn
GAB,Gabon,2020,,WB.PEFA.PI-2016-03,PEFA: PI-3 Revenue outturn
GHA,Ghana,2020,,WB.PEFA.PI-2016-03,PEFA: PI-3 Revenue outturn
GIN,Guinea,2020,,WB.PEFA.PI-2016-03,PEFA: PI-3 Revenue outturn
KEN,Kenya,2020,,WB.PEFA.PI-2016-03,PEFA: PI-3 Revenue outturn
LBR,Liberia,2020,,WB.PEFA.PI-2016-03,PEFA: PI-3 Revenue outturn
LSO,Lesotho,2020,,WB.PEFA.PI-2016-03,PEFA: PI-3 Revenue outturn
MAR,Morocco,2020,,WB.PEFA.PI-2016-03,PEFA: PI-3 Revenue outturn
MDG,Madagascar,2020,,WB.PEFA.PI-2016-03,PEFA: PI-3 Revenue outturn
MLI,Mali,2020,2.0,WB.PEFA.PI-2016-03,PEFA: PI-3 Revenue outturn
MOZ,Mozambique,2020,,WB.PEFA.PI-2016-03,PEFA: PI-3 Revenue outturn
MRT,Mauritania,2020,2.0,WB.PEFA.PI-2016-03,PEFA: PI-3 Revenue outturn
MWI,Malawi,2020,,WB.PEFA.PI-2016-03,PEFA: PI-3 Revenue outturn
NER,Niger,2020,,WB.PEFA.PI-2016-03,PEFA: PI-3 Revenue outturn
NGA,Nigeria,2020,,WB.PEFA.PI-2016-03,PEFA: PI-3 Revenue outturn
RWA,Rwanda,2020,,WB.PEFA.PI-2016-03,PEFA: PI-3 Revenue outturn
SEN,Senegal,2020,3.5,WB.PEFA.PI-2016-03,PEFA: PI-3 Revenue outturn
SLE,Sierra Leone,2020,,WB.PEFA.PI-2016-03,PEFA: PI-3 Revenue outturn
SYC,Seychelles,2020,,WB.PEFA.PI-2016-03,PEFA: PI-3 Revenue outturn
TCD,Chad,2020,,WB.PEFA.PI-2016-03,PEFA: PI-3 Revenue outturn
TGO,Togo,2020,,WB.PEFA.PI-2016-03,PEFA: PI-3 Revenue outturn
TZA,Tanzania,2020,,WB.PEFA.PI-2016-03,PEFA: PI-3 Revenue outturn
UGA,Uganda,2020,,WB.PEFA.PI-2016-03,PEFA: PI-3 Revenue outturn
ZMB,Zambia,2020,,WB.PEFA.PI-2016-03,PEFA: PI-3 Revenue outturn
ZWE,Zimbabwe,2020,,WB.PEFA.PI-2016-03,PEFA: PI-3 Revenue outturn
BFA,Burkina Faso,2021,,WB.PEFA.PI-2016-03,PEFA: PI-3 Revenue outturn
BWA,Botswana,2021,,WB.PEFA.PI-2016-03,PEFA: PI-3 Revenue outturn
CIV,Cote d'Ivoire,2021,,WB.PEFA.PI-2016-03,PEFA: PI-3 Revenue outturn
CMR,Cameroon,2021,,WB.PEFA.PI-2016-03,PEFA: PI-3 Revenue outturn
ETH,Ethiopia,2021,,WB.PEFA.PI-2016-03,PEFA: PI-3 Revenue outturn
GAB,Gabon,2021,,WB.PEFA.PI-2016-03,PEFA: PI-3 Revenue outturn
GHA,Ghana,2021,,WB.PEFA.PI-2016-03,PEFA: PI-3 Revenue outturn
GIN,Guinea,2021,,WB.PEFA.PI-2016-03,PEFA: PI-3 Revenue outturn
KEN,Kenya,2021,,WB.PEFA.PI-2016-03,PEFA: PI-3 Revenue outturn
LBR,Liberia,2021,1.5,WB.PEFA.PI-2016-03,PEFA: PI-3 Revenue outturn
LSO,Lesotho,2021,,WB.PEFA.PI-2016-03,PEFA: PI-3 Revenue outturn
MAR,Morocco,2021,,WB.PEFA.PI-2016-03,PEFA: PI-3 Revenue outturn
MDG,Madagascar,2021,,WB.PEFA.PI-2016-03,PEFA: PI-3 Revenue outturn
MLI,Mali,2021,1.0,WB.PEFA.PI-2016-03,PEFA: PI-3 Revenue outturn
MOZ,Mozambique,2021,2.0,WB.PEFA.PI-2016-03,PEFA: PI-3 Revenue outturn
MRT,Mauritania,2021,,WB.PEFA.PI-2016-03,PEFA: PI-3 Revenue outturn
MWI,Malawi,2021,,WB.PEFA.PI-2016-03,PEFA: PI-3 Revenue outturn
NER,Niger,2021,,WB.PEFA.PI-2016-03,PEFA: PI-3 Revenue outturn
NGA,Nigeria,2021,,WB.PEFA.PI-2016-03,PEFA: PI-3 Revenue outturn
RWA,Rwanda,2021,,WB.PEFA.PI-2016-03,PEFA: PI-3 Revenue outturn
SEN,Senegal,2021,,WB.PEFA.PI-2016-03,PEFA: PI-3 Revenue outturn
SLE,Sierra Leone,2021,,WB.PEFA.PI-2016-03,PEFA: PI-3 Revenue outturn
SYC,Seychelles,2021,,WB.PEFA.PI-2016-03,PEFA: PI-3 Revenue outturn
TCD,Chad,2021,,WB.PEFA.PI-2016-03,PEFA: PI-3 Revenue outturn
TGO,Togo,2021,,WB.PEFA.PI-2016-03,PEFA: PI-3 Revenue outturn
TZA,Tanzania,2021,,WB.PEFA.PI-2016-03,PEFA: PI-3 Revenue outturn
UGA,Uganda,2021,,WB.PEFA.PI-2016-03,PEFA: PI-3 Revenue outturn
ZMB,Zambia,2021,,WB.PEFA.PI-2016-03,PEFA: PI-3 Revenue outturn
ZWE,Zimbabwe,2021,,WB.PEFA.PI-2016-03,PEFA: PI-3 Revenue outturn
BFA,Burkina Faso,iso3,BFA,WB.PEFA.PI-2016-03,PEFA: PI-3 Revenue outturn
BWA,Botswana,iso3,BWA,WB.PEFA.PI-2016-03,PEFA: PI-3 Revenue outturn
CIV,Cote d'Ivoire,iso3,CIV,WB.PEFA.PI-2016-03,PEFA: PI-3 Revenue outturn
CMR,Cameroon,iso3,CMR,WB.PEFA.PI-2016-03,PEFA: PI-3 Revenue outturn
ETH,Ethiopia,iso3,ETH,WB.PEFA.PI-2016-03,PEFA: PI-3 Revenue outturn
GAB,Gabon,iso3,GAB,WB.PEFA.PI-2016-03,PEFA: PI-3 Revenue outturn
GHA,Ghana,iso3,GHA,WB.PEFA.PI-2016-03,PEFA: PI-3 Revenue outturn
GIN,Guinea,iso3,GIN,WB.PEFA.PI-2016-03,PEFA: PI-3 Revenue outturn
KEN,Kenya,iso3,KEN,WB.PEFA.PI-2016-03,PEFA: PI-3 Revenue outturn
LBR,Liberia,iso3,LBR,WB.PEFA.PI-2016-03,PEFA: PI-3 Revenue outturn
LSO,Lesotho,iso3,LSO,WB.PEFA.PI-2016-03,PEFA: PI-3 Revenue outturn
MAR,Morocco,iso3,MAR,WB.PEFA.PI-2016-03,PEFA: PI-3 Revenue outturn
MDG,Madagascar,iso3,MDG,WB.PEFA.PI-2016-03,PEFA: PI-3 Revenue outturn
MLI,Mali,iso3,MLI,WB.PEFA.PI-2016-03,PEFA: PI-3 Revenue outturn
MOZ,Mozambique,iso3,MOZ,WB.PEFA.PI-2016-03,PEFA: PI-3 Revenue outturn
MRT,Mauritania,iso3,MRT,WB.PEFA.PI-2016-03,PEFA: PI-3 Revenue outturn
MWI,Malawi,iso3,MWI,WB.PEFA.PI-2016-03,PEFA: PI-3 Revenue outturn
NER,Niger,iso3,NER,WB.PEFA.PI-2016-03,PEFA: PI-3 Revenue outturn
NGA,Nigeria,iso3,NGA,WB.PEFA.PI-2016-03,PEFA: PI-3 Revenue outturn
RWA,Rwanda,iso3,RWA,WB.PEFA.PI-2016-03,PEFA: PI-3 Revenue outturn
SEN,Senegal,iso3,SEN,WB.PEFA.PI-2016-03,PEFA: PI-3 Revenue outturn
SLE,Sierra Leone,iso3,SLE,WB.PEFA.PI-2016-03,PEFA: PI-3 Revenue outturn
SYC,Seychelles,iso3,SYC,WB.PEFA.PI-2016-03,PEFA: PI-3 Revenue outturn
TCD,Chad,iso3,TCD,WB.PEFA.PI-2016-03,PEFA: PI-3 Revenue outturn
TGO,Togo,iso3,TGO,WB.PEFA.PI-2016-03,PEFA: PI-3 Revenue outturn
TZA,Tanzania,iso3,TZA,WB.PEFA.PI-2016-03,PEFA: PI-3 Revenue outturn
UGA,Uganda,iso3,UGA,WB.PEFA.PI-2016-03,PEFA: PI-3 Revenue outturn
ZMB,Zambia,iso3,ZMB,WB.PEFA.PI-2016-03,PEFA: PI-3 Revenue outturn
ZWE,Zimbabwe,iso3,ZWE,WB.PEFA.PI-2016-03,PEFA: PI-3 Revenue outturn
BFA,Burkina Faso,Country,,WB.PEFA.PI-2016-03,PEFA: PI-3 Revenue outturn
BWA,Botswana,Country,,WB.PEFA.PI-2016-03,PEFA: PI-3 Revenue outturn
CIV,Cote d'Ivoire,Country,,WB.PEFA.PI-2016-03,PEFA: PI-3 Revenue outturn
CMR,Cameroon,Country,,WB.PEFA.PI-2016-03,PEFA: PI-3 Revenue outturn
ETH,Ethiopia,Country,,WB.PEFA.PI-2016-03,PEFA: PI-3 Revenue outturn
GAB,Gabon,Country,,WB.PEFA.PI-2016-03,PEFA: PI-3 Revenue outturn
GHA,Ghana,Country,,WB.PEFA.PI-2016-03,PEFA: PI-3 Revenue outturn
GIN,Guinea,Country,,WB.PEFA.PI-2016-03,PEFA: PI-3 Revenue outturn
KEN,Kenya,Country,,WB.PEFA.PI-2016-03,PEFA: PI-3 Revenue outturn
LBR,Liberia,Country,,WB.PEFA.PI-2016-03,PEFA: PI-3 Revenue outturn
LSO,Lesotho,Country,,WB.PEFA.PI-2016-03,PEFA: PI-3 Revenue outturn
MAR,Morocco,Country,,WB.PEFA.PI-2016-03,PEFA: PI-3 Revenue outturn
MDG,Madagascar,Country,,WB.PEFA.PI-2016-03,PEFA: PI-3 Revenue outturn
MLI,Mali,Country,,WB.PEFA.PI-2016-03,PEFA: PI-3 Revenue outturn
MOZ,Mozambique,Country,,WB.PEFA.PI-2016-03,PEFA: PI-3 Revenue outturn
MRT,Mauritania,Country,,WB.PEFA.PI-2016-03,PEFA: PI-3 Revenue outturn
MWI,Malawi,Country,,WB.PEFA.PI-2016-03,PEFA: PI-3 Revenue outturn
NER,Niger,Country,,WB.PEFA.PI-2016-03,PEFA: PI-3 Revenue outturn
NGA,Nigeria,Country,,WB.PEFA.PI-2016-03,PEFA: PI-3 Revenue outturn
RWA,Rwanda,Country,,WB.PEFA.PI-2016-03,PEFA: PI-3 Revenue outturn
SEN,Senegal,Country,,WB.PEFA.PI-2016-03,PEFA: PI-3 Revenue outturn
SLE,Sierra Leone,Country,,WB.PEFA.PI-2016-03,PEFA: PI-3 Revenue outturn
SYC,Seychelles,Country,,WB.PEFA.PI-2016-03,PEFA: PI-3 Revenue outturn
TCD,Chad,Country,,WB.PEFA.PI-2016-03,PEFA: PI-3 Revenue outturn
TGO,Togo,Country,,WB.PEFA.PI-2016-03,PEFA: PI-3 Revenue outturn
TZA,Tanzania,Country,,WB.PEFA.PI-2016-03,PEFA: PI-3 Revenue outturn
UGA,Uganda,Country,,WB.PEFA.PI-2016-03,PEFA: PI-3 Revenue outturn
ZMB,Zambia,Country,,WB.PEFA.PI-2016-03,PEFA: PI-3 Revenue outturn
ZWE,Zimbabwe,Country,,WB.PEFA.PI-2016-03,PEFA: PI-3 Revenue outturn
